Plate,Well,Index,MetaboliteU,EcoCycID,KEGG_ID,Pathway_IDs,Pathways,EcoCyc_Instances,EcoCyc_Classes
PM3B,C1,PM3B-C1,L-Tyrosine_N,|TYR|,C00082,eco00130;eco00261;eco00350;eco00360;eco00400;eco00401;eco00460;eco00680;eco00730;eco00970;eco01100;eco01110;eco01130;eco01210;eco01230,"Ubiquinone and other terpenoid-quinone biosynthesis;Monobactam biosynthesis;Tyrosine metabolism;Phenylalanine metabolism;Phenylalanine, tyrosine and tryptophan biosynthesis;Novobiocin biosynthesis;Cyanoamino acid metabolism;Methane metabolism;Thiamine metabolism;Aminoacyl-tRNA biosynthesis;Metabolic pathways;Biosynthesis of secondary metabolites;Biosynthesis of antibiotics;2-Oxocarboxylic acid metabolism;Biosynthesis of amino acids",|TYR|,|All-Amino-Acids|;|Alpha-Amino-Acids|;|Amino-Acids-20|;|Amino-Acids|;|Aromatic-Amino-Acids|;|Aromatic-L-Amino-Acids|;|Carboxylates|;|L-Amino-Acids|;|Polar-amino-acids|;|Uncharged-polar-amino-acids|
PM3B,G10,PM3B-G10,"D,L-delta-Amino-Caprylic Acid",|CPD-3687|,NA,NA,NA,|CPD-3687|,|All-Amines|
PM2A,F9,PM2A-F9,Sorbic Acid,|CPD-3624|,NA,NA,NA,NA,NA
PM3B,D4,PM3B-D4,Hydroxylamine,|HYDROXYLAMINE|,C00192,eco00910;eco01120,Nitrogen metabolism;Microbial metabolism in diverse environments,NA,NA
PM4A,G2,PM4A-G2,S-Methyl-L-Cysteine,|S-METHYL-L-CYSTEINE|,C03540,NA,NA,|S-METHYL-L-CYSTEINE|,|All-Amino-Acids|;|Amino-Acids|;|Carboxylates|;|Methylated-Amino-Acids|;|Modified-Amino-Acids|
PM4A,A4,PM4A-A4,Trimetaphosphate,|CPD-610|,C02466,NA,NA,|CPD-610|,|Anions|;|Inorganic-Anions|;|Inorganic-Ions|;|Inorganic-Phosphorus-Ions|;|Ions|;|Phosphates|
PM2A,F8,PM2A-F8,Sebacic Acid,|CPD-3623|,C08277,NA,NA,NA,NA
PM2A,B9,PM2A-B9,2-Deoxy-D-Ribose,|2-DEOXYRIBOSE|,C01801,eco00030,Pentose phosphate pathway,|2-DEOXYRIBOSE|,|Carbohydrates|;|Glycans|;|Monosaccharides|;|Pentoses|;|Sugar|
PM3B,C6,PM3B-C6,D-Glutamic Acid,|D-GLT|,C00217,eco00471;eco01100,D-Glutamine and D-glutamate metabolism;Metabolic pathways,|D-GLT|,|All-Amino-Acids|;|Amino-Acids|;|Carboxylates|;|D-Amino-Acids|
PM4A,A3,PM4A-A3,Pyrophosphate,|PPI|,C00013,eco00190,Oxidative phosphorylation,|PPI|,|Anions|;|Inorganic-Anions|;|Inorganic-Ions|;|Inorganic-Phosphorus-Ions|;|Ions|;|Phosphates|;|Polyphosphates|
PM1,H6,PM1-H6,L-Lyxose,|L-LYXOSE|,C01508,eco00040,Pentose and glucuronate interconversions,|L-LYXOSE|,|Carbohydrates|;|Glycans|;|L-Pentoses|;|Monosaccharides|;|Pentoses|;|Sugar|
PM4A,B12,PM4A-B12,"Guanosine-3',5'-cyclic monophosphate",|CGMP|,C00942,eco00230,Purine metabolism,|CGMP|,|All-Nucleosides|;|Cyclic-3-5-Nucleoside-Monophosphates|;|Cyclic-Nucleoside-Monophosphates|;|Nucleotides|
PM1,G7,PM1-G7,Acetoacetic Acid,|3-KETOBUTYRATE|,C00164,eco00280;eco00310;eco00350;eco00640;eco00650;eco01100;eco01120;eco02020,"Valine, leucine and isoleucine degradation;Lysine degradation;Tyrosine metabolism;Propanoate metabolism;Butanoate metabolism;Metabolic pathways;Microbial metabolism in diverse environments;Two-component system",|3-KETOBUTYRATE|,|Carboxylates|;|CPD-12642|
PM4A,E11,PM4A-E11,Inositol Hexaphosphate,|MI-HEXAKISPHOSPHATE|,C01204,eco00562;eco01100,Inositol phosphate metabolism;Metabolic pathways,|MI-HEXAKISPHOSPHATE|,|Alcohols|;|Inositol-Phosphates|;|Inositols|;|Myo-inositol-polyphosphates|
PM2A,E11,PM2A-E11,Itaconic Acid,|ITACOTE|,C00490,NA,NA,NA,NA
PM3B,A3,PM3B-A3,Nitrite,|NITRITE|,C00088,eco00910;eco01120;eco02010;eco02020,Nitrogen metabolism;Microbial metabolism in diverse environments;ABC transporters;Two-component system,|NITRITE|,|Anions|;|Inorganic-Anions|;|Inorganic-Ions|;|Ions|
PM4A,E1,PM4A-E1,O-Phospho-D-Tyrosine,|CPD-3729|,C06501,NA,NA,|CPD-3729|,|All-Amino-Acids|;|Amino-Acids|;|Aromatic-Amino-Acids|;|Aromatic-D-Amino-Acids|;|Carboxylates|;|D-Amino-Acids|;|Modified-Amino-Acids|;|Phosphorylated-Amino-Acids|
PM4A,E6,PM4A-E6,Phosphono Acetic Acid,|CPD-764|,C05682,eco00440;eco01120,Phosphonate and phosphinate metabolism;Microbial metabolism in diverse environments,|CPD-764|,|Organophosphonates|;|Organophosphorus-Compounds|
PM2A,B10,PM2A-B10,i-Erythritol,|ERYTHRITOL|,C00503,eco02010,ABC transporters,|ERYTHRITOL|,|Alcohols|;|Carbohydrates|;|Glycans|;|Sugar-alcohols|;|Sugar|
PM4A,G11,PM4A-G11,L-Methionine Sulfoxide,|L-Methionine-sulfoxides|,C02989,eco00270,Cysteine and methionine metabolism,|CPD-8990|;|CPD-8989|,|All-Amino-Acids|;|Amino-Acids|;|Carboxylates|;|Modified-Amino-Acids|
PM2A,H6,PM2A-H6,Sec-Butylamine,|CPD-3627|,NA,NA,NA,|CPD-3627|,|All-Amines|
PM2A,H4,PM2A-H4,L-Valine,|VAL|,C00183,eco00280;eco00290;eco00460;eco00770;eco00970;eco01100;eco01110;eco01130;eco01210;eco01230;eco02010,"Valine, leucine and isoleucine degradation;Valine, leucine and isoleucine biosynthesis;Cyanoamino acid metabolism;Pantothenate and CoA biosynthesis;Aminoacyl-tRNA biosynthesis;Metabolic pathways;Biosynthesis of secondary metabolites;Biosynthesis of antibiotics;2-Oxocarboxylic acid metabolism;Biosynthesis of amino acids;ABC transporters",|VAL|,|All-Amino-Acids|;|Alpha-Amino-Acids|;|Amino-Acids-20|;|Amino-Acids|;|Branched-Amino-Acids|;|Carboxylates|;|L-Amino-Acids|;|Non-polar-amino-acids|
PM4A,F11,PM4A-F11,Cysteamine,|CPD-239|,C01678,eco00430;eco01100,Taurine and hypotaurine metabolism;Metabolic pathways,|CPD-239|,|ORGANOSULFUR|;|Thiols|
PM1,G11,PM1-G11,D-Malic Acid,|CPD-660|,C00497,eco00650,Butanoate metabolism,|CPD-660|,|C4-dicarboxylates|;|Carboxylates|;|dicarboxylate|
PM2A,H11,PM2A-H11,"2,3-Butanone",|DIACETYL|,C00741,eco00650,Butanoate metabolism,|DIACETYL|,|Aldehydes-Or-Ketones|;|LONG-CHAIN-KETONE|;|Methylketones|
PM2A,G12,PM2A-G12,L-Methionine,|MET|,C00073,eco00270;eco00970;eco01100;eco01110;eco01210;eco01230,Cysteine and methionine metabolism;Aminoacyl-tRNA biosynthesis;Metabolic pathways;Biosynthesis of secondary metabolites;2-Oxocarboxylic acid metabolism;Biosynthesis of amino acids,|MET|,|All-Amino-Acids|;|Alpha-Amino-Acids|;|Amino-Acids-20|;|Amino-Acids|;|Carboxylates|;|L-Amino-Acids|;|Non-polar-amino-acids|
PM3B,G2,PM3B-G2,Xanthosine,|XANTHOSINE|,C01762,eco00230;eco01100;eco01110,Purine metabolism;Metabolic pathways;Biosynthesis of secondary metabolites,|XANTHOSINE|,|All-Nucleosides|;|Nucleosides|;|Organic-heterobicyclic-compounds|;|Organic-heterocyclic-compound|;|Organonitrogen-Heterocyclic-Compounds|;|Purine-Nucleosides|;|Purine-Ribonucleosides|;|Purines|;|Ribonucleosides|
PM4A,H6,PM4A-H6,Taurine,|TAURINE|,C00245,eco00430;eco00920;eco01100;eco02010,Taurine and hypotaurine metabolism;Sulfur metabolism;Metabolic pathways;ABC transporters,|TAURINE|,|ORGANOSULFUR|;|SULFONATES|
PM1,H11,PM1-H11,Phenylethyl-amine,|PHENYLETHYLAMINE|,C05332,eco00360,Phenylalanine metabolism,|PHENYLETHYLAMINE|,|All-Amines|;|Aromatics|;|Aryl-Amines|
PM2A,H9,PM2A-H9,Dihydroxy Acetone,|DIHYDROXYACETONE|,C00184,eco00561;eco00680;eco01100;eco01120;eco01200,Glycerolipid metabolism;Methane metabolism;Metabolic pathways;Microbial metabolism in diverse environments;Carbon metabolism,|DIHYDROXYACETONE|,|Carbohydrates|;|Glycans|;|Monosaccharides|;|Sugar|
PM1,G4,PM1-G4,L-Threonine,|THR|,C00188,eco00260;eco00261;eco00290;eco00860;eco00970;eco01100;eco01110;eco01120;eco01130;eco01230;eco02010,"Glycine, serine and threonine metabolism;Monobactam biosynthesis;Valine, leucine and isoleucine biosynthesis;Porphyrin and chlorophyll metabolism;Aminoacyl-tRNA biosynthesis;Metabolic pathways;Biosynthesis of secondary metabolites;Microbial metabolism in diverse environments;Biosynthesis of antibiotics;Biosynthesis of amino acids;ABC transporters",|THR|,|All-Amino-Acids|;|Alpha-Amino-Acids|;|Amino-Acids-20|;|Amino-Acids|;|Carboxylates|;|L-Amino-Acids|;|Polar-amino-acids|;|Uncharged-polar-amino-acids|
PM2A,F1,PM2A-F1,D-Lactic Acid Methyl Ester,|CPD-3621|,NA,NA,NA,NA,NA
PM4A,B1,PM4A-B1,Thiophosphate_P,|CPD-3734|,NA,NA,NA,NA,NA
PM2A,G11,PM2A-G11,L-Lysine,|LYS|,C00047,eco00300;eco00310;eco00780;eco00970;eco01100;eco01110;eco01120;eco01130;eco01210;eco01230;eco02010,Lysine biosynthesis;Lysine degradation;Biotin metabolism;Aminoacyl-tRNA biosynthesis;Metabolic pathways;Biosynthesis of secondary metabolites;Microbial metabolism in diverse environments;Biosynthesis of antibiotics;2-Oxocarboxylic acid metabolism;Biosynthesis of amino acids;ABC transporters,|LYS|,|All-Amino-Acids|;|Alpha-Amino-Acids|;|Amino-Acids-20|;|Amino-Acids|;|Basic-Amino-Acids|;|Carboxylates|;|L-Amino-Acids|;|Non-standard-amino-acids|;|Polar-amino-acids|
PM4A,H1,PM4A-H1,L-Djenkolic Acid,|CPD-3740|,C08275,NA,NA,NA,NA
PM4A,B7,PM4A-B7,D-3-Phospho-Glyceric Acid,|G3P|,C00197,eco00010;eco00030;eco00260;eco00561;eco00630;eco00680;eco01100;eco01110;eco01120;eco01130;eco01200;eco01230,"Glycolysis / Gluconeogenesis;Pentose phosphate pathway;Glycine, serine and threonine metabolism;Glycerolipid metabolism;Glyoxylate and dicarboxylate metabolism;Methane metabolism;Metabolic pathways;Biosynthesis of secondary metabolites;Microbial metabolism in diverse environments;Biosynthesis of antibiotics;Carbon metabolism;Biosynthesis of amino acids",|G3P|,|Carboxylates|;|Glycerates|;|Monocarboxylates|
PM2A,E8,PM2A-E8,beta-Hydroxy Butyric Acid,|CPD-335|,C01089,eco00650;eco01100,Butanoate metabolism;Metabolic pathways,|CPD-335|,|Carboxylates|;|Hydroxy-carboxylates|
PM1,F7,PM1-F7,Propionic Acid,|PROPIOTE|,C00163,eco00640;eco00760;eco01100;eco01120;eco01220,Propanoate metabolism;Nicotinate and nicotinamide metabolism;Metabolic pathways;Microbial metabolism in diverse environments;Degradation of aromatic compounds,|PROPIONATE|,|Carboxylates|;|Short-Chain-Carboxylates|
PM2A,G10,PM2A-G10,L-Leucine,|LEU|,C00123,eco00280;eco00290;eco00970;eco01100;eco01110;eco01210;eco01230;eco02010,"Valine, leucine and isoleucine degradation;Valine, leucine and isoleucine biosynthesis;Aminoacyl-tRNA biosynthesis;Metabolic pathways;Biosynthesis of secondary metabolites;2-Oxocarboxylic acid metabolism;Biosynthesis of amino acids;ABC transporters",|LEU|,|All-Amino-Acids|;|Alpha-Amino-Acids|;|Amino-Acids-20|;|Amino-Acids|;|Branched-Amino-Acids|;|Carboxylates|;|L-Amino-Acids|;|Neutral-Amino-Acids|;|Non-polar-amino-acids|
PM4A,B6,PM4A-B6,D-2-Phospho-Glyceric Acid,|2-PG|,C00631,eco00010;eco00030;eco00260;eco00561;eco00630;eco00680;eco01100;eco01110;eco01120;eco01130;eco01200;eco01230,"Glycolysis / Gluconeogenesis;Pentose phosphate pathway;Glycine, serine and threonine metabolism;Glycerolipid metabolism;Glyoxylate and dicarboxylate metabolism;Methane metabolism;Metabolic pathways;Biosynthesis of secondary metabolites;Microbial metabolism in diverse environments;Biosynthesis of antibiotics;Carbon metabolism;Biosynthesis of amino acids",|2-PG|,|Carboxylates|;|Glycerates|;|Monocarboxylates|
PM1,D2,PM1-D2,D-Aspartic Acid,|CPD-302|,C00402,eco00250,"Alanine, aspartate and glutamate metabolism",|CPD-302|,|All-Amino-Acids|;|Amino-Acids|;|Carboxylates|;|D-Amino-Acids|
PM4A,C5,PM4A-C5,2-Deoxy-D-Glucose 6-Phosphate,|2-DEOXY-D-GLUCOSE-6-PHOSPHATE|,C06369,NA,NA,NA,NA
PM1,B4,PM1-B4,L-Fucose,|L-fucoses|,C01019,eco00051;eco00520;eco01100;eco01120;eco02020;eco02024,Fructose and mannose metabolism;Amino sugar and nucleotide sugar metabolism;Metabolic pathways;Microbial metabolism in diverse environments;Two-component system;Quorum sensing,|CPD0-1107|;|CPD-10329|;|CPD-15619|,|6-Deoxyhexoses|;|Carbohydrates|;|Fucoses|;|Glycans|;|Hexoses|;|L-Hexoses|;|Modified-Sugars|;|Monosaccharides|;|Sugar|
PM2A,B11,PM2A-B11,D-Fucose,|D-Fucoses|,C01018,NA,NA,NA,NA
PM1,F9,PM1-F9,Glycolic Acid,|GLYCOLLATE|,C00160,eco00361;eco00625;eco00630;eco01100;eco01110;eco01120;eco01130;eco01200,Chlorocyclohexane and chlorobenzene degradation;Chloroalkane and chloroalkene degradation;Glyoxylate and dicarboxylate metabolism;Metabolic pathways;Biosynthesis of secondary metabolites;Microbial metabolism in diverse environments;Biosynthesis of antibiotics;Carbon metabolism,NA,NA
PM4A,H12,PM4A-H12,Tetramethylene Sulfone,|CPD-3747|,NA,NA,NA,NA,NA
PM4A,E10,PM4A-E10,Thymidine-5'-monophosphate,|TMP|,C00364,eco00240;eco01100,Pyrimidine metabolism;Metabolic pathways,|TMP|,|All-Nucleosides|;|Deoxy-Ribonucleoside-Monophosphates|;|Deoxynucleotides|;|Nucleoside-Monophosphates|;|Nucleotides|;|Organic-heterocyclic-compound|;|Organonitrogen-Heterocyclic-Compounds|;|Pyrimidine-deoxyribonucleosides-5-P|;|Pyrimidine-deoxyribonucleotides|;|Pyrimidine-nucleotides|;|Pyrimidines|
PM1,G5,PM1-G5,L-Alanine,|L-ALPHA-ALANINE|,C00041,eco00250;eco00270;eco00430;eco00450;eco00473;eco00970;eco01100;eco01120;eco01200;eco01230;eco01502;eco02010;eco04122,"Alanine, aspartate and glutamate metabolism;Cysteine and methionine metabolism;Taurine and hypotaurine metabolism;Selenocompound metabolism;D-Alanine metabolism;Aminoacyl-tRNA biosynthesis;Metabolic pathways;Microbial metabolism in diverse environments;Carbon metabolism;Biosynthesis of amino acids;Vancomycin resistance;ABC transporters;Sulfur relay system",|L-ALPHA-ALANINE|,|All-Amino-Acids|;|Alpha-Amino-Acids|;|Amino-Acids-20|;|Amino-Acids|;|Carboxylates|;|L-Amino-Acids|;|Neutral-Amino-Acids|;|Non-polar-amino-acids|
PM2A,F12,PM2A-F12,L-Tartaric Acid,|TARTRATE|,C00898,eco00630,Glyoxylate and dicarboxylate metabolism,NA,NA
PM2A,E4,PM2A-E4,Citramalic Acid,|CPD-14325|,C00815,NA,NA,NA,NA
PM3B,H11,PM3B-H11,Gly-Met,|CPD-13393|,NA,NA,NA,|CPD-13393|,|DIPEPTIDES|;|Peptides|
PM4A,B11,PM4A-B11,"Guanosine-2',3'-cyclic monophosphate",|CPD-3709|,NA,NA,NA,|CPD-3709|,|All-Nucleosides|;|Cyclic-Nucleoside-Monophosphates|;|Cyclic-Ribonucleoside-Monophosphates|;|Nucleotides|
PM3B,H12,PM3B-H12,Met-Ala,|CPD-13390|,NA,NA,NA,|CPD-13390|,|DIPEPTIDES|;|Peptides|
PM4A,C7,PM4A-C7,6-Phospho-Gluconic Acid,|CPD-2961|,NA,NA,NA,|CPD-2961|,|Carbohydrate-Derivatives|;|Carbohydrates|;|Glycans|
PM4A,A10,PM4A-A10,Adenosine-5'-monophosphate,|AMP|,C00020,eco00230;eco01100;eco01110;eco01130,Purine metabolism;Metabolic pathways;Biosynthesis of secondary metabolites;Biosynthesis of antibiotics,|AMP|,|All-Nucleosides|;|Nucleoside-Monophosphates|;|Nucleotides|;|Organic-heterobicyclic-compounds|;|Organic-heterocyclic-compound|;|Organonitrogen-Heterocyclic-Compounds|;|Purine-Nucleotides|;|Purine-ribonucleosides-5-P|;|Purine-ribonucleotides|;|Purines|;|Ribonucleoside-Monophosphates|;|Ribonucleotides|
PM4A,G12,PM4A-G12,L-Methionine Sulfone,|CPD-3739|,NA,NA,NA,|CPD-3739|,|All-Amino-Acids|;|Alpha-Amino-Acids|;|Amino-Acids|;|Carboxylates|;|Non-standard-amino-acids|
PM2A,G9,PM2A-G9,L-Isoleucine,|ILE|,C00407,eco00280;eco00290;eco00460;eco00970;eco01100;eco01110;eco01130;eco01210;eco01230;eco02010,"Valine, leucine and isoleucine degradation;Valine, leucine and isoleucine biosynthesis;Cyanoamino acid metabolism;Aminoacyl-tRNA biosynthesis;Metabolic pathways;Biosynthesis of secondary metabolites;Biosynthesis of antibiotics;2-Oxocarboxylic acid metabolism;Biosynthesis of amino acids;ABC transporters",|ILE|,|All-Amino-Acids|;|Alpha-Amino-Acids|;|Amino-Acids-20|;|Amino-Acids|;|Branched-Amino-Acids|;|Carboxylates|;|L-Amino-Acids|;|Non-polar-amino-acids|
PM1,E2,PM1-E2,m-Tartaric Acid,|MESO-TARTRATE|,C00552,eco00630,Glyoxylate and dicarboxylate metabolism,NA,NA
PM2A,D4,PM2A-D4,L-Sorbose,|CPD-9569|,C00247,eco00051,Fructose and mannose metabolism,NA,NA
PM3B,F2,PM3B-F2,Adenine_N,|ADENINE|,C00147,eco00230;eco01100,Purine metabolism;Metabolic pathways,|ADENINE|,|All-Nucleosides|;|Bases|;|Organic-heterobicyclic-compounds|;|Organic-heterocyclic-compound|;|Organonitrogen-Heterocyclic-Compounds|;|Purine-Bases|;|Purines|
PM1,D3,PM1-D3,D-Glucosaminic Acid,|GLUCOSAMITE|,C03752,eco00030;eco01120;eco02060,Pentose phosphate pathway;Microbial metabolism in diverse environments;Phosphotransferase system (PTS),|GLUCOSAMINATE|,|Carboxylates|;|Monocarboxylates|
PM4A,E7,PM4A-E7,2-Aminoethyl Phosphonic Acid,|CPD-1106|,C03557,eco00440;eco01100;eco01120;eco02010,Phosphonate and phosphinate metabolism;Metabolic pathways;Microbial metabolism in diverse environments;ABC transporters,|CPD-1106|,|Aminoalkylphosphonates|;|Organophosphonates|;|Organophosphorus-Compounds|
PM3B,G1,PM3B-G1,Xanthine,|XANTHINE|,C00385,eco00230;eco01100;eco01110;eco01120,Purine metabolism;Metabolic pathways;Biosynthesis of secondary metabolites;Microbial metabolism in diverse environments,NA,NA
PM4A,B2,PM4A-B2,Dithiophosphate_P,|CPD-3735|,NA,NA,NA,NA,NA
PM1,D7,PM1-D7,alpha-Keto-Butyric Acid,|2-OXOBUTANOATE|,C00109,eco00260;eco00270;eco00290;eco00640;eco00660;eco01100;eco01110;eco01130;eco01210;eco01230,"Glycine, serine and threonine metabolism;Cysteine and methionine metabolism;Valine, leucine and isoleucine biosynthesis;Propanoate metabolism;C5-Branched dibasic acid metabolism;Metabolic pathways;Biosynthesis of secondary metabolites;Biosynthesis of antibiotics;2-Oxocarboxylic acid metabolism;Biosynthesis of amino acids",|2-OXOBUTANOATE|,|2-Oxo-Acids|;|2-Oxo-carboxylates|;|Carboxylates|
PM3B,H1,PM3B-H1,Ala-Asp,|CPD-13404|,C02871,NA,NA,|CPD-13404|,|DIPEPTIDES|;|Peptides|
PM4A,D4,PM4A-D4,Phospho-L-Arginine,|L-ARGININE-P|,C05945,eco00330,Arginine and proline metabolism,|L-ARGININE-P|,|All-Amino-Acids|;|Amino-Acids|;|Carboxylates|;|Modified-Amino-Acids|;|Phosphorylated-Amino-Acids|
PM4A,H11,PM4A-H11,Methane Sulfonic Acid,|CPD-3746|,C11145,eco00920,Sulfur metabolism,|CPD-3746|,|Aliphatic-Sulfonates|;|Alkanesulfonates|;|ORGANOSULFUR|;|SULFONATES|
PM2A,B6,PM2A-B6,D-Arabitol,|CPD-355|,C01904,eco00040;eco01100,Pentose and glucuronate interconversions;Metabolic pathways,|CPD-355|,|Alcohols|;|Carbohydrates|;|Glycans|;|Pentitols|;|Sugar-alcohols|;|Sugar|
PM4A,D12,PM4A-D12,"Uridine-3',5'-cyclic-monophosphate",|CPD-3727|,NA,NA,NA,|CPD-3727|,|All-Nucleosides|;|Cyclic-3-5-Nucleoside-Monophosphates|;|Cyclic-Nucleoside-Monophosphates|;|Nucleotides|;|Organic-heterocyclic-compound|;|Organonitrogen-Heterocyclic-Compounds|;|Pyrimidines|
PM1,A7,PM1-A7,L-Aspartic Acid,|L-ASPARTATE|,C00049,eco00220;eco00250;eco00260;eco00261;eco00270;eco00300;eco00340;eco00410;eco00460;eco00760;eco00770;eco00970;eco01100;eco01110;eco01120;eco01130;eco01200;eco01210;eco01230;eco02010;eco02020;eco02030,"Arginine biosynthesis;Alanine, aspartate and glutamate metabolism;Glycine, serine and threonine metabolism;Monobactam biosynthesis;Cysteine and methionine metabolism;Lysine biosynthesis;Histidine metabolism;beta-Alanine metabolism;Cyanoamino acid metabolism;Nicotinate and nicotinamide metabolism;Pantothenate and CoA biosynthesis;Aminoacyl-tRNA biosynthesis;Metabolic pathways;Biosynthesis of secondary metabolites;Microbial metabolism in diverse environments;Biosynthesis of antibiotics;Carbon metabolism;2-Oxocarboxylic acid metabolism;Biosynthesis of amino acids;ABC transporters;Two-component system;Bacterial chemotaxis",|L-ASPARTATE|,|All-Amino-Acids|;|Alpha-Amino-Acids|;|Amino-Acids-20|;|Amino-Acids|;|C4-dicarboxylates|;|Carboxylates|;|dicarboxylate|;|L-Amino-Acids|;|Polar-amino-acids|
PM4A,A11,PM4A-A11,"Adenosine-2',3'-cyclic monophosphate",|CPD-3707|,NA,NA,NA,|CPD-3707|,|All-Nucleosides|;|Cyclic-Nucleoside-Monophosphates|;|Cyclic-Ribonucleoside-Monophosphates|;|Nucleotides|
PM2A,C6,PM2A-C6,alpha-Methyl-D-Glucoside,|CPD-3582|,NA,NA,NA,|CPD-3582|,|Carbohydrate-Derivatives|;|Carbohydrates|;|CPD0-1666|;|Glycans|
PM2A,A8,PM2A-A8,Glycogen,NA,C00182,NA,NA,NA,NA
PM1,C3,PM1-C3,"D,L-Malic Acid",|RS-Malate|,C00497,eco00650,Butanoate metabolism,|MAL|;|CPD-660|,|C4-dicarboxylates|;|Carboxylates|;|dicarboxylate|
PM4A,G5,PM4A-G5,Glutathione_S,|GLUTATHIONE|,C00051,eco00270;eco00480;eco01100;eco02010,Cysteine and methionine metabolism;Glutathione metabolism;Metabolic pathways;ABC transporters,|GLUTATHIONE|,|ORGANOSULFUR|;|Thiols|
PM2A,D1,PM2A-D1,D-Raffinose,|CPD-1099|,C00492,eco00052;eco02010,Galactose metabolism;ABC transporters,|CPD-1099|,|Carbohydrates|;|Glycans|;|Oligosaccharides|;|Trisaccharides|
PM2A,D11,PM2A-D11,delta-Amino Valeric Acid,|5-AMINOPENTANOATE|,C00431,eco00310;eco00330,Lysine degradation;Arginine and proline metabolism,NA,NA
PM1,D1,PM1-D1,L-Asparagine,|ASN|,C00152,eco00250;eco00460;eco00970;eco01100;eco01110;eco01230,"Alanine, aspartate and glutamate metabolism;Cyanoamino acid metabolism;Aminoacyl-tRNA biosynthesis;Metabolic pathways;Biosynthesis of secondary metabolites;Biosynthesis of amino acids",|ASN|,|All-Amino-Acids|;|Alpha-Amino-Acids|;|Amino-Acids-20|;|Amino-Acids|;|Carboxylates|;|L-Amino-Acids|;|Polar-amino-acids|;|Uncharged-polar-amino-acids|
PM2A,D12,PM2A-D12,Butyric Acid,|BUTYRIC_ACID|,C00246,eco00650;eco01100,Butanoate metabolism;Metabolic pathways,|BUTYRIC_ACID|,|Carboxylates|;|CPD66-39|;|Fatty-Acids|;|Saturated-Fatty-Acids|;|Short-Chain-Carboxylates|
PM2A,G3,PM2A-G3,N-Acetyl-L-Glutamic Acid,|ACETYL-GLU|,C00624,eco00220;eco01100;eco01110;eco01130;eco01210;eco01230,Arginine biosynthesis;Metabolic pathways;Biosynthesis of secondary metabolites;Biosynthesis of antibiotics;2-Oxocarboxylic acid metabolism;Biosynthesis of amino acids,|ACETYL-GLU|,|All-Amino-Acids|;|Amino-Acids|;|Carboxylates|;|Modified-Amino-Acids|;|N-Acetylated-Amino-Acids|;|N-Acylated-Amino-Acids|;|N-Alpha-Acetylated-Amino-Acids|;|N-Substituted-Amino-Acids|
PM4A,G3,PM4A-G3,Cystathionine,|L-CYSTATHIONINE|,C00542,NA,NA,|L-CYSTATHIONINE|,|All-Amino-Acids|;|Amino-Acids|;|Carboxylates|;|L-Amino-Acids|
PM2A,D2,PM2A-D2,Salicin,|CPD-1142|,C01451,eco00010;eco02060,Glycolysis / Gluconeogenesis;Phosphotransferase system (PTS),|CPD-1142|,|Beta-D-glucosides|;|Carbohydrate-Derivatives|;|Carbohydrates|;|Glucosides|;|Glycans|;|Glycosides|
PM4A,B10,PM4A-B10,Guanosine-5'-monophosphate,|GMP|,C00144,eco00230;eco01100,Purine metabolism;Metabolic pathways,|GMP|,|All-Nucleosides|;|Nucleoside-Monophosphates|;|Nucleotides|;|Organic-heterobicyclic-compounds|;|Organic-heterocyclic-compound|;|Organonitrogen-Heterocyclic-Compounds|;|Purine-Nucleotides|;|Purine-ribonucleosides-5-P|;|Purine-ribonucleotides|;|Purines|;|Ribonucleoside-Monophosphates|;|Ribonucleotides|
PM4A,A2,PM4A-A2,Phosphate,|Pi|,C00009,NA,NA,|Pi|,|Anions|;|Inorganic-Anions|;|Inorganic-Ions|;|Inorganic-Phosphorus-Ions|;|Ions|;|Phosphates|
PM4A,G10,PM4A-G10,"N-Acetyl-D,L-Methionine",|CPD-3738|,C02712,NA,NA,NA,NA
PM4A,G6,PM4A-G6,"D,L-Ethionine",|ETHIONINE|,C11227,NA,NA,|ETHIONINE|,|All-Amino-Acids|;|Amino-Acids|;|Carboxylates|;|L-Amino-Acids|
PM4A,H10,PM4A-H10,2-Hydroxyethane Sulfonic Acid,|CPD-3745|,C05123,eco00430;eco01100,Taurine and hypotaurine metabolism;Metabolic pathways,|CPD-3745|,|Aliphatic-Sulfonates|;|Alkanesulfonates|;|ORGANOSULFUR|;|SULFONATES|
PM4A,D11,PM4A-D11,"Uridine-2',3'-cyclic-monophosphate",|CPD-3725|,C02355,eco00240,Pyrimidine metabolism,|CPD-3725|,|All-Nucleosides|;|Cyclic-Nucleoside-Monophosphates|;|Cyclic-Ribonucleoside-Monophosphates|;|Nucleotides|;|Organic-heterocyclic-compound|;|Organonitrogen-Heterocyclic-Compounds|;|Pyrimidines|
PM4A,C10,PM4A-C10,Cytidine-5'-monophosphate,|CMP|,C00055,eco00240;eco01100,Pyrimidine metabolism;Metabolic pathways,|CMP|,|All-Nucleosides|;|Nucleoside-Monophosphates|;|Nucleotides|;|Organic-heterocyclic-compound|;|Organonitrogen-Heterocyclic-Compounds|;|Pyrimidine-nucleotides|;|Pyrimidine-ribonucleotides|;|Pyrimidines|;|Ribonucleoside-Monophosphates|;|Ribonucleotides|
PM2A,F3,PM2A-F3,Melibionic Acid,|CPD-3801|,NA,NA,NA,|CPD-3801|,|Carbohydrates|;|Disaccharides|;|Glycans|;|Oligosaccharides|
PM4A,D7,PM4A-D7,O-Phospho-L-Threonine,|L-THREONINE-O-3-PHOSPHATE|,NA,NA,NA,|L-THREONINE-O-3-PHOSPHATE|,|All-Amino-Acids|;|Amino-Acids|;|Carboxylates|;|Modified-Amino-Acids|;|Phosphorylated-Amino-Acids|
PM3B,D5,PM3B-D5,Methylamine,|METHYLAMINE|,C00218,eco00680;eco01120;eco01200,Methane metabolism;Microbial metabolism in diverse environments;Carbon metabolism,NA,NA
PM4A,D8,PM4A-D8,Uridine-2'-monophosphate,|CPD-3723|,C03031,NA,NA,|CPD-3723|,|2-Prime-Ribonucleoside-Monophosphates|;|All-Nucleosides|;|Nucleotides|;|Organic-heterocyclic-compound|;|Organonitrogen-Heterocyclic-Compounds|;|Pyrimidines|
PM2A,A9,PM2A-A9,Inulin,|Inulin|,C00368,NA,NA,NA,NA
PM2A,A7,PM2A-A7,Gelatin,|CPD-13419|,C01498,NA,NA,NA,NA
PM3B,H7,PM3B-H7,Ala-Thr,|CPD-13397|,NA,NA,NA,|CPD-13397|,|DIPEPTIDES|;|Peptides|
PM4A,D10,PM4A-D10,Uridine-5'-monophosphate,|UMP|,C00105,eco00240;eco00550;eco01100,Pyrimidine metabolism;Peptidoglycan biosynthesis;Metabolic pathways,|UMP|,|All-Nucleosides|;|Nucleoside-Monophosphates|;|Nucleotides|;|Organic-heterocyclic-compound|;|Organonitrogen-Heterocyclic-Compounds|;|Pyrimidine-nucleotides|;|Pyrimidine-ribonucleotides|;|Pyrimidines|;|Ribonucleoside-Monophosphates|;|Ribonucleotides|
PM4A,A9,PM4A-A9,Adenosine-3'-monophosphate,|CPD-3706|,C01367,eco00230,Purine metabolism,|CPD-3706|,|3-Phosphomonucleotides|;|All-Nucleosides|
PM2A,H10,PM2A-H10,"2,3-Butanediol",|BUTANEDIOL|,C03044,eco00650,Butanoate metabolism,|BUTANEDIOL|,|Alcohols|;|Diols|;|glycols|
PM4A,D5,PM4A-D5,O-Phospho-D-Serine,|CPD-3722|,C02532,NA,NA,|CPD-3722|,|All-Amino-Acids|;|Amino-Acids|;|Carboxylates|;|Modified-Amino-Acids|;|Phosphorylated-Amino-Acids|
PM3B,E9,PM3B-E9,D-Galactosamine,|GALACTOSAMINE|,C02262,eco00052;eco02060,Galactose metabolism;Phosphotransferase system (PTS),NA,NA
PM2A,H12,PM2A-H12,3-Hydroxy 2-Butanone,|ACETOIN|,C00466,NA,NA,NA,NA
PM4A,A7,PM4A-A7,Hypophosphite,|CPD-27|,NA,NA,NA,|CPD-27|,|Anions|;|Inorganic-Anions|;|Inorganic-Ions|;|Inorganic-Phosphorus-Ions|;|Ions|
PM4A,F10,PM4A-F10,L-Cysteic Acid,|L-CYSTEATE|,C00506,eco00270;eco00430;eco01100,Cysteine and methionine metabolism;Taurine and hypotaurine metabolism;Metabolic pathways,|L-CYSTEATE|,|ORGANOSULFUR|;|SULFONATES|
PM4A,F8,PM4A-F8,D-Cysteine,|D-CYSTEINE|,C00793,eco00270,Cysteine and methionine metabolism,|D-CYSTEINE|,|All-Amino-Acids|;|Amino-Acids|;|Carboxylates|;|D-Amino-Acids|
PM2A,E10,PM2A-E10,alpha-Keto-Valeric Acid,|CPD-3618|,C00567,NA,NA,|CPD-3618|,|2-Oxo-Acids|;|2-Oxo-carboxylates|;|Carboxylates|
PM3B,A11,PM3B-A11,L-Cysteine_N,|CYS|,C00097,eco00260;eco00270;eco00332;eco00430;eco00460;eco00480;eco00730;eco00770;eco00920;eco00970;eco01100;eco01110;eco01120;eco01130;eco01200;eco01230;eco04122,"Glycine, serine and threonine metabolism;Cysteine and methionine metabolism;Carbapenem biosynthesis;Taurine and hypotaurine metabolism;Cyanoamino acid metabolism;Glutathione metabolism;Thiamine metabolism;Pantothenate and CoA biosynthesis;Sulfur metabolism;Aminoacyl-tRNA biosynthesis;Metabolic pathways;Biosynthesis of secondary metabolites;Microbial metabolism in diverse environments;Biosynthesis of antibiotics;Carbon metabolism;Biosynthesis of amino acids;Sulfur relay system",|CYS|,|All-Amino-Acids|;|Alpha-Amino-Acids|;|Amino-Acids-20|;|Amino-Acids|;|Carboxylates|;|L-Amino-Acids|;|Non-polar-amino-acids|;|Polar-amino-acids|;|Uncharged-polar-amino-acids|
PM3B,G12,PM3B-G12,alpha-Amino-N-Valeric Acid,|L-2-AMINOPENTANOIC-ACID|,C01826,NA,NA,|L-2-AMINOPENTANOIC-ACID|,|All-Amino-Acids|;|Amino-Acids|;|Carboxylates|;|L-Amino-Acids|
PM4A,C8,PM4A-C8,Cytidine-2'-monophosphate,|CPD-3710|,C03104,NA,NA,|CPD-3710|,|2-Prime-Ribonucleoside-Monophosphates|;|All-Nucleosides|;|Nucleotides|;|Organic-heterocyclic-compound|;|Organonitrogen-Heterocyclic-Compounds|;|Pyrimidines|
PM4A,A12,PM4A-A12,"Adenosine-3',5'-cyclic monophosphate",|CAMP|,C00575,eco00230;eco02026,Purine metabolism;Biofilm formation - Escherichia coli,|CAMP|,|All-Nucleosides|;|Cyclic-3-5-Nucleoside-Monophosphates|;|Cyclic-Nucleoside-Monophosphates|;|Nucleotides|
PM3B,E10,PM3B-E10,D-Mannosamine,|D-Mannosamines|,C03570,NA,NA,NA,NA
PM4A,E3,PM4A-E3,Phosphocreatine,|CREATINE-P|,C02305,eco00330;eco01100,Arginine and proline metabolism;Metabolic pathways,|CREATINE-P|,|All-Amino-Acids|;|Amino-Acids|;|Carboxylates|;|Modified-Amino-Acids|;|Non-alpha-amino-acids|;|Phosphorylated-Amino-Acids|
PM2A,H7,PM2A-H7,"D,L-Octopamine",|CPD-58|,C04227,NA,NA,NA,NA
PM1,G12,PM1-G12,L-Malic Acid,|MAL|,C00149,eco00020;eco00620;eco00630;eco00680;eco01100;eco01110;eco01120;eco01130;eco01200;eco02020,Citrate cycle (TCA cycle);Pyruvate metabolism;Glyoxylate and dicarboxylate metabolism;Methane metabolism;Metabolic pathways;Biosynthesis of secondary metabolites;Microbial metabolism in diverse environments;Biosynthesis of antibiotics;Carbon metabolism;Two-component system,|MAL|,|C4-dicarboxylates|;|Carboxylates|;|dicarboxylate|
PM4A,D6,PM4A-D6,O-Phospho-L-Serine,|3-P-SERINE|,C01005,eco00260;eco00270;eco00680;eco00970;eco01100;eco01120;eco01130;eco01200;eco01230,"Glycine, serine and threonine metabolism;Cysteine and methionine metabolism;Methane metabolism;Aminoacyl-tRNA biosynthesis;Metabolic pathways;Microbial metabolism in diverse environments;Biosynthesis of antibiotics;Carbon metabolism;Biosynthesis of amino acids",|3-P-SERINE|,|All-Amino-Acids|;|Amino-Acids|;|Carboxylates|;|Modified-Amino-Acids|;|Phosphorylated-Amino-Acids|
PM2A,C12,PM2A-C12,Palatinose,|CPD-230|,C01742,NA,NA,|CPD-230|,|Carbohydrates|;|Disaccharides|;|Glycans|;|Oligosaccharides|
PM4A,D3,PM4A-D3,Cysteamine-S-Phosphate,|CPD-3721|,NA,NA,NA,NA,NA
PM2A,G8,PM2A-G8,Hydroxy-L-Proline,|4-HYDROXY-L-PROLINE|,C01015,NA,NA,|4-HYDROXY-L-PROLINE|,|All-Amino-Acids|;|Amino-Acids|;|Carboxylates|;|Hydroxy-Amino-Acids|;|Modified-Amino-Acids|
PM4A,F7,PM4A-F7,L-Cysteine_S,|CYS|,C00097,eco00260;eco00270;eco00332;eco00430;eco00460;eco00480;eco00730;eco00770;eco00920;eco00970;eco01100;eco01110;eco01120;eco01130;eco01200;eco01230;eco04122,"Glycine, serine and threonine metabolism;Cysteine and methionine metabolism;Carbapenem biosynthesis;Taurine and hypotaurine metabolism;Cyanoamino acid metabolism;Glutathione metabolism;Thiamine metabolism;Pantothenate and CoA biosynthesis;Sulfur metabolism;Aminoacyl-tRNA biosynthesis;Metabolic pathways;Biosynthesis of secondary metabolites;Microbial metabolism in diverse environments;Biosynthesis of antibiotics;Carbon metabolism;Biosynthesis of amino acids;Sulfur relay system",|CYS|,|All-Amino-Acids|;|Alpha-Amino-Acids|;|Amino-Acids-20|;|Amino-Acids|;|Carboxylates|;|L-Amino-Acids|;|Non-polar-amino-acids|;|Polar-amino-acids|;|Uncharged-polar-amino-acids|
PM4A,A6,PM4A-A6,Triethyl Phosphate,|CPD-3703|,NA,NA,NA,NA,NA
PM4A,G9,PM4A-G9,Glycyl-L-Methionine,|CPD-13393|,NA,NA,NA,|CPD-13393|,|DIPEPTIDES|;|Peptides|
PM2A,C11,PM2A-C11,beta-Methyl-D-Xyloside,|CPD-3613|,NA,NA,NA,|CPD-3613|,|Carbohydrate-Derivatives|;|Carbohydrates|;|Glycans|
PM1,F10,PM1-F10,Glyoxylic Acid,|GLYOX|,C00048,eco00230;eco00260;eco00330;eco00625;eco00630;eco00660;eco00680;eco01100;eco01110;eco01120;eco01130;eco01200,"Purine metabolism;Glycine, serine and threonine metabolism;Arginine and proline metabolism;Chloroalkane and chloroalkene degradation;Glyoxylate and dicarboxylate metabolism;C5-Branched dibasic acid metabolism;Methane metabolism;Metabolic pathways;Biosynthesis of secondary metabolites;Microbial metabolism in diverse environments;Biosynthesis of antibiotics;Carbon metabolism",|GLYOX|,|2-Oxo-Acids|;|2-Oxo-carboxylates|;|Carboxylates|
PM2A,H2,PM2A-H2,L-Phenylalanine,|PHE|,C00079,eco00360;eco00400;eco00460;eco00970;eco01100;eco01110;eco01130;eco01210;eco01230;eco02010,"Phenylalanine metabolism;Phenylalanine, tyrosine and tryptophan biosynthesis;Cyanoamino acid metabolism;Aminoacyl-tRNA biosynthesis;Metabolic pathways;Biosynthesis of secondary metabolites;Biosynthesis of antibiotics;2-Oxocarboxylic acid metabolism;Biosynthesis of amino acids;ABC transporters",|PHE|,|All-Amino-Acids|;|Alpha-Amino-Acids|;|Amino-Acids-20|;|Amino-Acids|;|Aromatic-Amino-Acids|;|Aromatic-L-Amino-Acids|;|Carboxylates|;|L-Amino-Acids|;|Non-polar-amino-acids|
PM3B,A2,PM3B-A2,Ammonia,|AMMONIA|,C00014,eco00220;eco00230;eco00250;eco00260;eco00460;eco00630;eco00910;eco01100;eco01110;eco01120;eco01130;eco01200;eco01230,"Arginine biosynthesis;Purine metabolism;Alanine, aspartate and glutamate metabolism;Glycine, serine and threonine metabolism;Cyanoamino acid metabolism;Glyoxylate and dicarboxylate metabolism;Nitrogen metabolism;Metabolic pathways;Biosynthesis of secondary metabolites;Microbial metabolism in diverse environments;Biosynthesis of antibiotics;Carbon metabolism;Biosynthesis of amino acids",NA,NA
PM4A,F5,PM4A-F5,Thiophosphate_S,|CPD-3734|,NA,NA,NA,NA,NA
PM4A,C6,PM4A-C6,D-Glucosamine-6-Phosphate,|D-GLUCOSAMINE-6-P|,C00352,eco00250;eco00520;eco01100;eco01130;eco02060,"Alanine, aspartate and glutamate metabolism;Amino sugar and nucleotide sugar metabolism;Metabolic pathways;Biosynthesis of antibiotics;Phosphotransferase system (PTS)",|CPD-13469|,|Carbohydrate-Derivatives|;|Carbohydrates|;|Glycans|;|SUGAR-6-PHOSPHATES|;|Sugar-Phosphate|
PM4A,H4,PM4A-H4,"D,L-Lipoamide",|LIPOAMIDE|,C00248,NA,NA,NA,NA
PM4A,E8,PM4A-E8,Methylene Diphosphonic Acid,|CPD-3731|,NA,NA,NA,|CPD-3731|,|Organophosphonates|;|Organophosphorus-Compounds|
PM3B,A5,PM3B-A5,Urea,|UREA|,C00086,eco00220;eco00230;eco00240;eco00330;eco00780;eco01100;eco01120;eco02010,Arginine biosynthesis;Purine metabolism;Pyrimidine metabolism;Arginine and proline metabolism;Biotin metabolism;Metabolic pathways;Microbial metabolism in diverse environments;ABC transporters,|UREA|,|Amides|;|Monocarboxylic-Acid-Amides|
PM3B,H2,PM3B-H2,Ala-Gln,|CPD-13403|,NA,NA,NA,|CPD-13403|,|DIPEPTIDES|;|Peptides|
PM1,F2,PM1-F2,Citric Acid,|CIT|,C00158,eco00020;eco00250;eco00630;eco01100;eco01110;eco01120;eco01130;eco01200;eco01210;eco01230;eco02020,"Citrate cycle (TCA cycle);Alanine, aspartate and glutamate metabolism;Glyoxylate and dicarboxylate metabolism;Metabolic pathways;Biosynthesis of secondary metabolites;Microbial metabolism in diverse environments;Biosynthesis of antibiotics;Carbon metabolism;2-Oxocarboxylic acid metabolism;Biosynthesis of amino acids;Two-component system",NA,NA
PM1,C8,PM1-C8,Acetic Acid,|ACET|,C00033,eco00010;eco00430;eco00440;eco00620;eco00640;eco00660;eco00680;eco00920;eco01100;eco01110;eco01120;eco01130;eco01200;eco01220,Glycolysis / Gluconeogenesis;Taurine and hypotaurine metabolism;Phosphonate and phosphinate metabolism;Pyruvate metabolism;Propanoate metabolism;C5-Branched dibasic acid metabolism;Methane metabolism;Sulfur metabolism;Metabolic pathways;Biosynthesis of secondary metabolites;Microbial metabolism in diverse environments;Biosynthesis of antibiotics;Carbon metabolism;Degradation of aromatic compounds,|ACET|,|Carboxylates|;|Monocarboxylates|;|Short-Chain-Carboxylates|
PM4A,E5,PM4A-E5,O-Phosphoryl Ethanolamine,|PHOSPHORYL-ETHANOLAMINE|,C00346,eco00564;eco00600;eco01100;eco01503,Glycerophospholipid metabolism;Sphingolipid metabolism;Metabolic pathways;Cationic antimicrobial peptide (CAMP) resistance,NA,NA
PM1,A9,PM1-A9,D-Alanine,|D-ALANINE|,C00133,eco00473;eco00550;eco01100;eco01502;eco01503,D-Alanine metabolism;Peptidoglycan biosynthesis;Metabolic pathways;Vancomycin resistance;Cationic antimicrobial peptide (CAMP) resistance,|D-ALANINE|,|All-Amino-Acids|;|Amino-Acids|;|Carboxylates|;|D-Amino-Acids|
PM1,H12,PM1-H12,2-Aminoethanol,|ETHANOL-AMINE|,C00189,eco00440;eco00564;eco01100,Phosphonate and phosphinate metabolism;Glycerophospholipid metabolism;Metabolic pathways,NA,NA
PM2A,F6,PM2A-F6,Quinic Acid,|QUITE|,C00296,eco00400,"Phenylalanine, tyrosine and tryptophan biosynthesis",NA,NA
PM1,E5,PM1-E5,Tween 80,|CPD-3563|,C11625,NA,NA,NA,NA
PM3B,G3,PM3B-G3,Uric Acid,|URATE|,C00366,eco00230;eco01100;eco01120,Purine metabolism;Metabolic pathways;Microbial metabolism in diverse environments,|URATE|,|Aromatics|
PM2A,G1,PM2A-G1,Acetamide,|ACETAMIDE|,C06244,NA,NA,|ACETAMIDE|,|Amides|;|Monocarboxylic-Acid-Amides|
PM4A,G4,PM4A-G4,Lanthionine,|CPD-3736|,NA,NA,NA,NA,NA
PM4A,B9,PM4A-B9,Guanosine-3'-monophosphate,|CPD-3708|,C06193,eco00230,Purine metabolism,|CPD-3708|,|3-Phosphomonucleotides|;|All-Nucleosides|
PM4A,A8,PM4A-A8,Adenosine-2'-monophosphate,|CPD-3705|,C00946,NA,NA,|CPD-3705|,|2-Prime-Ribonucleoside-Monophosphates|;|All-Nucleosides|;|Nucleotides|
PM4A,E12,PM4A-E12,"Thymidine 3',5'-cyclic-monophosphate",|CPD-3733|,NA,NA,NA,|CPD-3733|,|All-Nucleosides|;|Cyclic-3-5-Nucleoside-Monophosphates|;|Cyclic-Nucleoside-Monophosphates|;|Nucleotides|;|Organic-heterocyclic-compound|;|Organonitrogen-Heterocyclic-Compounds|;|Pyrimidines|
PM2A,A3,PM2A-A3,alpha-Cyclodextrin,|CPD-3782|,NA,NA,NA,|CPD-3782|,|Carbohydrates|;|Cyclodextrins|;|Glucans|;|Glycans|;|Polysaccharides|
PM4A,F12,PM4A-F12,L-Cysteine Sulfinic Acid,|3-SULFINOALANINE|,C00606,eco00270;eco00430;eco01100,Cysteine and methionine metabolism;Taurine and hypotaurine metabolism;Metabolic pathways,|3-SULFINOALANINE|,|All-Amino-Acids|;|Alpha-Amino-Acids|;|Amino-Acids|;|Carboxylates|;|Non-standard-amino-acids|;|ORGANOSULFUR|
PM2A,H5,PM2A-H5,"D,L-Carnitine",|DL-CARNITINE|,C00487,eco00310;eco02010,Lysine degradation;ABC transporters,|CARNITINE|;|D-CARNITINE|,|Carboxylates|;|Monocarboxylates|;|Vitamins|
PM3B,H6,PM3B-H6,Ala-Leu,|CPD-13398|,C05035,NA,NA,|CPD-13398|,|DIPEPTIDES|;|Peptides|
PM4A,B8,PM4A-B8,Guanosine-2'-monophosphate,|CPD-13025|,NA,NA,NA,|CPD-13025|,|2-Prime-Ribonucleoside-Monophosphates|;|All-Nucleosides|;|Nucleotides|
PM4A,A5,PM4A-A5,Tripolyphosphate,|P3I|,C00536,eco00190,Oxidative phosphorylation,|P3I|,|Anions|;|Inorganic-Anions|;|Inorganic-Ions|;|Inorganic-Phosphorus-Ions|;|Ions|;|Phosphates|;|Polyphosphates|
PM3B,E12,PM3B-E12,N-Acetyl-D-Galactosamine,|N-acetyl-D-galactosamine|,C01074,NA,NA,|CPD-3604|,|Amino-Sugars|;|Carbohydrates|;|Glycans|;|Hexosamines|;|Monosaccharides|;|N-acetyl-D-hexosamines|;|Sugar|
PM4A,G8,PM4A-G8,D-Methionine,|CPD-218|,C00855,eco02010,ABC transporters,|CPD-218|,|All-Amino-Acids|;|Amino-Acids|;|Carboxylates|;|D-Amino-Acids|
PM4A,C12,PM4A-C12,"Cytidine- 3',5'-cyclic monophosphate",|CPD-683|,C00941,NA,NA,|CPD-683|,|All-Nucleosides|;|Cyclic-3-5-Nucleoside-Monophosphates|;|Cyclic-Nucleoside-Monophosphates|;|Nucleotides|
PM2A,F11,PM2A-F11,D-Tartaric Acid,|D-TARTRATE|,C02107,NA,NA,NA,NA
PM3B,F10,PM3B-F10,Uracil_N,|URACIL|,C00106,eco00240;eco00410;eco00770;eco01100,Pyrimidine metabolism;beta-Alanine metabolism;Pantothenate and CoA biosynthesis;Metabolic pathways,|URACIL|,|All-Nucleosides|;|Bases|;|Organic-heterocyclic-compound|;|Organonitrogen-Heterocyclic-Compounds|;|Pyrimidine-Bases|;|Pyrimidines|
PM2A,F2,PM2A-F2,Malonic Acid,|MALOTE|,C00383,eco00240;eco00410,Pyrimidine metabolism;beta-Alanine metabolism,NA,NA
PM1,D5,PM1-D5,Tween 40,|CPD-3567|,NA,NA,NA,NA,NA
PM1,E7,PM1-E7,alpha-Hydroxy Butyric Acid,|CPD-3564|,C05984,eco00640,Propanoate metabolism,|CPD-3564|,|2-Hydroxy-carboxylates|;|Carboxylates|;|Hydroxy-carboxylates|;|L-2-hydroxyacids|
PM3B,B12,PM3B-B12,L-Tryptophan_N,|TRP|,C00078,eco00260;eco00380;eco00400;eco00970;eco01100;eco01110;eco01130;eco01210;eco01230,"Glycine, serine and threonine metabolism;Tryptophan metabolism;Phenylalanine, tyrosine and tryptophan biosynthesis;Aminoacyl-tRNA biosynthesis;Metabolic pathways;Biosynthesis of secondary metabolites;Biosynthesis of antibiotics;2-Oxocarboxylic acid metabolism;Biosynthesis of amino acids",|TRP|,|All-Amino-Acids|;|Alpha-Amino-Acids|;|Amino-Acids-20|;|Amino-Acids|;|Aromatic-Amino-Acids|;|Aromatic-L-Amino-Acids|;|Carboxylates|;|L-Amino-Acids|;|Non-polar-amino-acids|
PM3B,G8,PM3B-G8,gamma-Amino-N-Butyric Acid,|4-AMINO-BUTYRATE|,C00334,eco00250;eco00330;eco00410;eco00650;eco00760;eco01100;eco01120;eco02024,"Alanine, aspartate and glutamate metabolism;Arginine and proline metabolism;beta-Alanine metabolism;Butanoate metabolism;Nicotinate and nicotinamide metabolism;Metabolic pathways;Microbial metabolism in diverse environments;Quorum sensing",NA,NA
PM3B,A4,PM3B-A4,Nitrate,|NITRATE|,C00244,eco00910;eco01120;eco02010;eco02020,Nitrogen metabolism;Microbial metabolism in diverse environments;ABC transporters;Two-component system,|NITRATE|,|Anions|;|Inorganic-Anions|;|Inorganic-Ions|;|Ions|
PM1,G3,PM1-G3,L-Serine,|SER|,C00065,eco00260;eco00261;eco00270;eco00460;eco00600;eco00630;eco00680;eco00920;eco00970;eco01100;eco01110;eco01120;eco01130;eco01200;eco01230;eco01502;eco02010,"Glycine, serine and threonine metabolism;Monobactam biosynthesis;Cysteine and methionine metabolism;Cyanoamino acid metabolism;Sphingolipid metabolism;Glyoxylate and dicarboxylate metabolism;Methane metabolism;Sulfur metabolism;Aminoacyl-tRNA biosynthesis;Metabolic pathways;Biosynthesis of secondary metabolites;Microbial metabolism in diverse environments;Biosynthesis of antibiotics;Carbon metabolism;Biosynthesis of amino acids;Vancomycin resistance;ABC transporters",|SER|,|All-Amino-Acids|;|Alpha-Amino-Acids|;|Amino-Acids-20|;|Amino-Acids|;|Carboxylates|;|L-Amino-Acids|;|Neutral-Amino-Acids|;|Polar-amino-acids|;|Uncharged-polar-amino-acids|
PM3B,G11,PM3B-G11,delta-Amino-N-Valeric Acid,|5-AMINOPENTANOATE|,C00431,eco00310;eco00330,Lysine degradation;Arginine and proline metabolism,NA,NA
PM2A,G6,PM2A-G6,L-Histidine,|HIS|,C00135,eco00340;eco00410;eco00970;eco01100;eco01110;eco01230;eco02010,Histidine metabolism;beta-Alanine metabolism;Aminoacyl-tRNA biosynthesis;Metabolic pathways;Biosynthesis of secondary metabolites;Biosynthesis of amino acids;ABC transporters,|HIS|,|All-Amino-Acids|;|Alpha-Amino-Acids|;|Amino-Acids-20|;|Amino-Acids|;|Aromatic-Amino-Acids|;|Aromatic-L-Amino-Acids|;|Basic-Amino-Acids|;|Carboxylates|;|L-Amino-Acids|;|Polar-amino-acids|
PM2A,D8,PM2A-D8,Xylitol,|XYLITOL|,C00379,eco00040;eco01100;eco02010,Pentose and glucuronate interconversions;Metabolic pathways;ABC transporters,|XYLITOL|,|Alcohols|;|Carbohydrates|;|Glycans|;|Pentitols|;|Sugar-alcohols|;|Sugar|
PM2A,A2,PM2A-A2,Chondroitin Sulfate C,|Chondroitin-Sulfate-C|,C00635,NA,NA,NA,NA
PM4A,C1,PM4A-C1,Phosphoenol Pyruvate,|PHOSPHO-ENOL-PYRUVATE|,C00074,eco00010;eco00020;eco00400;eco00440;eco00620;eco00680;eco01100;eco01110;eco01120;eco01130;eco01200;eco01230;eco02060,"Glycolysis / Gluconeogenesis;Citrate cycle (TCA cycle);Phenylalanine, tyrosine and tryptophan biosynthesis;Phosphonate and phosphinate metabolism;Pyruvate metabolism;Methane metabolism;Metabolic pathways;Biosynthesis of secondary metabolites;Microbial metabolism in diverse environments;Biosynthesis of antibiotics;Carbon metabolism;Biosynthesis of amino acids;Phosphotransferase system (PTS)",|PHOSPHO-ENOL-PYRUVATE|,|Carboxylates|;|Monocarboxylates|
PM3B,A6,PM3B-A6,Biuret,|CPD-809|,C06555,eco01100;eco01120,Metabolic pathways;Microbial metabolism in diverse environments,NA,NA
PM1,D10,PM1-D10,Lactulose,|CPD-3561|,C07064,NA,NA,|CPD-3561|,|Carbohydrates|;|Disaccharides|;|Glycans|;|Oligosaccharides|
PM2A,F5,PM2A-F5,Oxalomalic Acid,|CPD-628|,C01990,eco00630,Glyoxylate and dicarboxylate metabolism,NA,NA
PM2A,F4,PM2A-F4,Oxalic Acid,|OXALATE|,C00209,eco00625;eco00630;eco01100;eco01120,Chloroalkane and chloroalkene degradation;Glyoxylate and dicarboxylate metabolism;Metabolic pathways;Microbial metabolism in diverse environments,|OXALATE|,|Carboxylates|;|dicarboxylate|
PM2A,A12,PM2A-A12,Pectin,|Pectin|,C00714,eco00040;eco00520;eco01100,Pentose and glucuronate interconversions;Amino sugar and nucleotide sugar metabolism;Metabolic pathways,NA,NA
PM4A,E9,PM4A-E9,Thymidine-3'-monophosphate,|CPD-3732|,NA,NA,NA,|CPD-3732|,|All-Nucleosides|;|Deoxy-Ribonucleoside-3P|;|Deoxynucleotides|;|Nucleotides|;|Organic-heterocyclic-compound|;|Organonitrogen-Heterocyclic-Compounds|;|Pyrimidine-deoxyribonucleosides-3-P|;|Pyrimidine-deoxyribonucleotides|;|Pyrimidine-nucleotides|;|Pyrimidines|
PM4A,H9,PM4A-H9,Butane Sulfonic Acid,|CPD-3744|,NA,NA,NA,|CPD-3744|,|Aliphatic-Sulfonates|;|Alkanesulfonates|;|ORGANOSULFUR|;|SULFONATES|
PM2A,H3,PM2A-H3,L-Pyroglutamic Acid,|5-OXOPROLINE|,C02238,NA,NA,NA,NA
PM2A,A11,PM2A-A11,Mannan,|Mannan|,C00464,eco00051,Fructose and mannose metabolism,NA,NA
PM4A,C2,PM4A-C2,Phospho-Glycolic Acid,|CPD-67|,C00988,eco00630;eco01100;eco01110;eco01130;eco01200,Glyoxylate and dicarboxylate metabolism;Metabolic pathways;Biosynthesis of secondary metabolites;Biosynthesis of antibiotics;Carbon metabolism,|CPD-67|,|Carboxylates|;|Monocarboxylates|
PM1,G1,PM1-G1,Glycyl-L-Glutamic Acid,|CPD-3569|,NA,NA,NA,|CPD-3569|,|DIPEPTIDES|;|Peptides|
PM4A,H7,PM4A-H7,Hypotaurine,|HYPOTAURINE|,C00519,eco00430;eco01100,Taurine and hypotaurine metabolism;Metabolic pathways,NA,NA
PM1,F1,PM1-F1,Glycyl-L-Aspartic Acid,|CPD-13406|,C02871,NA,NA,|CPD-13406|,|DIPEPTIDES|;|Peptides|
PM4A,F3,PM4A-F3,Thiosulfate,|S2O3|,C00320,eco00270;eco00920;eco01100;eco01120;eco02010,Cysteine and methionine metabolism;Sulfur metabolism;Metabolic pathways;Microbial metabolism in diverse environments;ABC transporters,|S2O3|,|Anions|;|Inorganic-Anions|;|Inorganic-Ions|;|Ions|
PM4A,F2,PM4A-F2,Sulfate,|SULFATE|,C00059,NA,NA,|SULFATE|,|Anions|;|Inorganic-Anions|;|Inorganic-Ions|;|Ions|
PM4A,H8,PM4A-H8,p-Amino Benzene Sulfonic Acid,|CPD-10427|,C00568,eco00627;eco00790;eco01100;eco01120,Aminobenzoate degradation;Folate biosynthesis;Metabolic pathways;Microbial metabolism in diverse environments,|CPD-10427|,|All-Amines|;|Aromatics|;|Aryl-Amines|;|ORGANOSULFUR|;|SULFONATES|
PM2A,C10,PM2A-C10,alpha-Methyl-D-Mannoside,|CPD-3612|,NA,NA,NA,|CPD-3612|,|Carbohydrate-Derivatives|;|Carbohydrates|;|Glycans|
PM2A,H1,PM2A-H1,L-Ornithine,|L-ORNITHINE|,C00077,eco00220;eco00330;eco00480;eco01100;eco01110;eco01130;eco01210;eco01230;eco02010,Arginine biosynthesis;Arginine and proline metabolism;Glutathione metabolism;Metabolic pathways;Biosynthesis of secondary metabolites;Biosynthesis of antibiotics;2-Oxocarboxylic acid metabolism;Biosynthesis of amino acids;ABC transporters,|L-ORNITHINE|,|All-Amino-Acids|;|Alpha-Amino-Acids|;|Amino-Acids|;|Carboxylates|;|L-Amino-Acids|;|Non-standard-amino-acids|
PM1,H4,PM1-H4,Tyramine,|TYRAMINE|,C00483,eco00350;eco00680;eco01110,Tyrosine metabolism;Methane metabolism;Biosynthesis of secondary metabolites,|TYRAMINE|,|All-Amines|;|Aromatics|;|Aryl-Amines|
PM1,A4,PM1-A4,D-Saccharic Acid,|D-GLUCARATE|,C00818,eco00053;eco01100,Ascorbate and aldarate metabolism;Metabolic pathways,|D-GLUCARATE|,|Alpha-omega-dicarboxylates|;|Carboxylates|;|dicarboxylate|
PM4A,E2,PM4A-E2,O-Phospho-L-Tyrosine,|CPD-3728|,C06501,NA,NA,|CPD-3728|,|All-Amino-Acids|;|Amino-Acids|;|Carboxylates|;|Modified-Amino-Acids|;|Phosphorylated-Amino-Acids|
PM4A,H2,PM4A-H2,Thiourea,|CPD-3741|,C14415,NA,NA,NA,NA
PM4A,H5,PM4A-H5,Taurocholic Acid,|CPD-3743|,C05122,eco00121;eco00430;eco01100,Secondary bile acid biosynthesis;Taurine and hypotaurine metabolism;Metabolic pathways,|CPD-3743|,|Bile-acids|;|Steroids|
PM1,C5,PM1-C5,Tween 20,|CPD-3566|,C11624,NA,NA,NA,NA
PM3B,C7,PM3B-C7,D-Lysine,|CPD-219|,C00739,eco00310,Lysine degradation,|CPD-219|,|All-Amino-Acids|;|Amino-Acids|;|Carboxylates|;|D-Amino-Acids|
PM4A,D9,PM4A-D9,Uridine-3'-monophosphate,|CPD-3724|,C01368,eco00240,Pyrimidine metabolism,|CPD-3724|,|3-Phosphomonucleotides|;|All-Nucleosides|;|Organic-heterocyclic-compound|;|Organonitrogen-Heterocyclic-Compounds|;|Pyrimidines|
PM3B,E1,PM3B-E1,Histamine,|HISTAMINE|,C00388,eco00340;eco01100;eco01110,Histidine metabolism;Metabolic pathways;Biosynthesis of secondary metabolites,NA,NA
PM4A,H3,PM4A-H3,1-Thio-beta-D-Glucose,|CPD-3742|,NA,NA,NA,|CPD-3742|,|Carbohydrate-Derivatives|;|Carbohydrates|;|Glycans|
PM4A,B5,PM4A-B5,Carbamyl Phosphate,|CARBAMOYL-P|,C00169,eco00220;eco00230;eco00240;eco00250;eco00910;eco01100;eco01120;eco01200;eco01230,"Arginine biosynthesis;Purine metabolism;Pyrimidine metabolism;Alanine, aspartate and glutamate metabolism;Nitrogen metabolism;Metabolic pathways;Microbial metabolism in diverse environments;Carbon metabolism;Biosynthesis of amino acids",|CARBAMOYL-P|,|All-Amines|
PM3B,G7,PM3B-G7,"D,L-alpha-Amino-N-Butyric Acid",|2-Aminobutyrate|,C02261,NA,NA,|CPD0-1952|;|CPD0-1942|,|All-Amino-Acids|;|Amino-Acids|;|Carboxylates|
PM2A,E9,PM2A-E9,gamma-Hydroxy Butyric Acid,|4-HYDROXY-BUTYRATE|,C00989,eco00650;eco01100;eco01120;eco01200,Butanoate metabolism;Metabolic pathways;Microbial metabolism in diverse environments;Carbon metabolism,|4-HYDROXY-BUTYRATE|,|Carboxylates|;|Hydroxy-carboxylates|
PM3B,F7,PM3B-F7,Guanosine_N,|GUANOSINE|,C00387,eco00230;eco01100,Purine metabolism;Metabolic pathways,|GUANOSINE|,|All-Nucleosides|;|Nucleosides|;|Organic-heterobicyclic-compounds|;|Organic-heterocyclic-compound|;|Organonitrogen-Heterocyclic-Compounds|;|Purine-Nucleosides|;|Purine-Ribonucleosides|;|Purines|;|Ribonucleosides|
PM3B,D9,PM3B-D9,Ethanolamine,|ETHANOL-AMINE|,C00189,eco00440;eco00564;eco01100,Phosphonate and phosphinate metabolism;Glycerophospholipid metabolism;Metabolic pathways,NA,NA
PM1,D4,PM1-D4,"1,2-Propanediol",|PROPANE-1-2-DIOL|,C00583,eco00640,Propanoate metabolism,|PROPANE-1-2-DIOL|,|Alcohols|;|Diols|;|glycols|
PM1,F5,PM1-F5,Fumaric Acid,|FUM|,C00122,eco00020;eco00190;eco00220;eco00250;eco00350;eco00360;eco00620;eco00650;eco00760;eco01100;eco01110;eco01120;eco01130;eco01200;eco01220;eco02020,"Citrate cycle (TCA cycle);Oxidative phosphorylation;Arginine biosynthesis;Alanine, aspartate and glutamate metabolism;Tyrosine metabolism;Phenylalanine metabolism;Pyruvate metabolism;Butanoate metabolism;Nicotinate and nicotinamide metabolism;Metabolic pathways;Biosynthesis of secondary metabolites;Microbial metabolism in diverse environments;Biosynthesis of antibiotics;Carbon metabolism;Degradation of aromatic compounds;Two-component system",|FUM|,|C4-dicarboxylates|;|Carboxylates|;|dicarboxylate|
PM1,E4,PM1-E4,D-Fructose-6-Phosphate,|FRUCTOSE-6P|,C00085,eco00500;eco00680;eco01100;eco01120;eco01200,Starch and sucrose metabolism;Methane metabolism;Metabolic pathways;Microbial metabolism in diverse environments;Carbon metabolism,|FRUCTOSE-6P|,|Carbohydrate-Derivatives|;|Carbohydrates|;|Glycans|;|HEXOSE-6-PHOSPHATES|;|Hexose-phosphates|;|SUGAR-6-PHOSPHATES|;|Sugar-Phosphate|
PM3B,C4,PM3B-C4,D-Asparagine,|CPD-3633|,C01905,NA,NA,|CPD-3633|,|All-Amino-Acids|;|Amino-Acids|;|Carboxylates|;|D-Amino-Acids|;|Polar-amino-acids|;|Uncharged-polar-amino-acids|
PM2A,B8,PM2A-B8,Arbutin,|HYDROQUINONE-O-BETA-D-GLUCOPYRANOSIDE|,C06186,eco00010;eco02060,Glycolysis / Gluconeogenesis;Phosphotransferase system (PTS),|HYDROQUINONE-O-BETA-D-GLUCOPYRANOSIDE|,|Aromatics|;|Beta-D-glucosides|;|Carbohydrate-Derivatives|;|Carbohydrates|;|Glucosides|;|Glycans|;|Glycosides|;|Organic-aromatic-compounds|
PM4A,F6,PM4A-F6,Dithiophosphate_S,|CPD-3735|,NA,NA,NA,NA,NA
PM1,E11,PM1-E11,2-Deoxy Adenosine,|DEOXYADENOSINE|,C00559,eco00230;eco01100,Purine metabolism;Metabolic pathways,|DEOXYADENOSINE|,|All-Nucleosides|;|Deoxy-Ribonucleosides|;|Nucleosides|;|Organic-heterobicyclic-compounds|;|Organic-heterocyclic-compound|;|Organonitrogen-Heterocyclic-Compounds|;|Purine-Deoxyribonucleosides|;|Purine-Nucleosides|;|Purines|
PM4A,F9,PM4A-F9,L-Cysteinyl-Glycine,|CYS-GLY|,NA,NA,NA,|CYS-GLY|,|DIPEPTIDES|;|Peptides|
PM2A,C7,PM2A-C7,beta-Methyl-D-Galactoside,|METHYL-BETA-D-GALACTOSIDE|,C03619,eco02010,ABC transporters,|METHYL-BETA-D-GALACTOSIDE|,|Carbohydrate-Derivatives|;|Carbohydrates|;|Galactosides|;|Glycans|;|Glycosides|
PM4A,G1,PM4A-G1,N-Acetyl-L-Cysteine,|CPD-9175|,C06809,NA,NA,|CPD-9175|,|All-Amino-Acids|;|Amino-Acids|;|Carboxylates|;|Modified-Amino-Acids|;|N-Acetylated-Amino-Acids|;|N-Acylated-Amino-Acids|;|N-Alpha-Acetylated-Amino-Acids|;|N-Substituted-Amino-Acids|
PM4A,F4,PM4A-F4,Tetrathionate,|CPD-14|,C02084,eco00920;eco01120;eco02020,Sulfur metabolism;Microbial metabolism in diverse environments;Two-component system,|CPD-14|,|Anions|;|Inorganic-Anions|;|Inorganic-Ions|;|Ions|
PM3B,E7,PM3B-E7,"D,L-Lactamide",|CPD-13407|,NA,NA,NA,|CPD-13407|,|Amides|;|Carboxamides|
PM2A,H8,PM2A-H8,Putrescine,|PUTRESCINE|,C00134,eco00330;eco00480;eco01100;eco01110;eco01130;eco02010,Arginine and proline metabolism;Glutathione metabolism;Metabolic pathways;Biosynthesis of secondary metabolites;Biosynthesis of antibiotics;ABC transporters,|PUTRESCINE|,|Aliphatic-Alpha-Omega-Diamines|;|Aliphatic-Amines|;|Aliphatic-Diamines|;|All-Amines|
PM3B,D8,PM3B-D8,Ethylamine,|ETHAMINE|,C00797,NA,NA,NA,NA
PM2A,C2,PM2A-C2,L-Glucose,|CPD-3607|,NA,NA,NA,|CPD-3607|,|Carbohydrates|;|Glucose|;|Glycans|;|Hexoses|;|L-Hexoses|;|Monosaccharides|;|Sugar|
PM3B,H3,PM3B-H3,Ala-Glu,|CPD0-1445|,NA,NA,NA,|CPD0-1445|,|DIPEPTIDES|;|Peptides|
PM3B,C10,PM3B-C10,L-Citrulline_N,|L-CITRULLINE|,C00327,eco00220;eco01100;eco01110;eco01130;eco01230,Arginine biosynthesis;Metabolic pathways;Biosynthesis of secondary metabolites;Biosynthesis of antibiotics;Biosynthesis of amino acids,|L-CITRULLINE|,|All-Amino-Acids|;|Alpha-Amino-Acids|;|Amino-Acids|;|Carboxylates|
PM3B,E5,PM3B-E5,Formamide,|FORMAMIDE|,C00488,eco00460;eco00910;eco01200,Cyanoamino acid metabolism;Nitrogen metabolism;Carbon metabolism,NA,NA
PM4A,C11,PM4A-C11,"Cytidine- 2',3'-cyclic monophosphate",|CPD-3713|,NA,NA,NA,|CPD-3713|,|All-Nucleosides|;|Cyclic-Nucleoside-Monophosphates|;|Cyclic-Ribonucleoside-Monophosphates|;|Nucleotides|;|Organic-heterocyclic-compound|;|Organonitrogen-Heterocyclic-Compounds|;|Pyrimidines|
PM3B,F4,PM3B-F4,Cytidine_N,|CYTIDINE|,C00475,eco00240;eco01100,Pyrimidine metabolism;Metabolic pathways,|CYTIDINE|,|All-Nucleosides|;|Nucleosides|;|Organic-heterocyclic-compound|;|Organonitrogen-Heterocyclic-Compounds|;|Pyrimidine-Nucleosides|;|Pyrimidines|;|Ribonucleosides|
PM4A,B4,PM4A-B4,beta-Glycerol Phosphate,|CPD-536|,C02979,NA,NA,NA,NA
PM3B,G9,PM3B-G9,epsilon-Amino-N-Caproic Acid,|CPD-884|,C02378,eco00930;eco01100;eco01120,Caprolactam degradation;Metabolic pathways;Microbial metabolism in diverse environments,NA,NA
PM2A,B7,PM2A-B7,L-Arabitol,|L-ARABITOL|,C00532,eco00040;eco01100,Pentose and glucuronate interconversions;Metabolic pathways,|L-ARABITOL|,|Alcohols|;|Carbohydrates|;|Glycans|;|Pentitols|;|Sugar-alcohols|;|Sugar|
PM3B,G5,PM3B-G5,Allantoin,|ALLANTOIN|,C01551,NA,NA,|S-ALLANTOIN|;|R--ALLANTOIN|,|Amides|;|Cyclic-Amides|
PM1,G9,PM1-G9,Mono Methyl Succinate,|CPD-3572|,NA,NA,NA,NA,NA
PM4A,D1,PM4A-D1,D-Mannose-1-Phosphate,|MANNOSE-1P|,C00636,eco00051;eco00520;eco01100;eco01110,Fructose and mannose metabolism;Amino sugar and nucleotide sugar metabolism;Metabolic pathways;Biosynthesis of secondary metabolites,|MANNOSE-1P|,|Alpha-Hexose-1-Phosphates|;|Carbohydrate-Derivatives|;|Carbohydrates|;|Glycans|;|Hexose-1-Phosphate|;|Hexose-phosphates|;|Sugar-1-Phosphate|;|Sugar-Phosphate|
PM2A,G7,PM2A-G7,L-Homoserine,|HOMO-SER|,C00263,eco00260;eco00270;eco00300;eco00920;eco01100;eco01110;eco01120;eco01130;eco01230,"Glycine, serine and threonine metabolism;Cysteine and methionine metabolism;Lysine biosynthesis;Sulfur metabolism;Metabolic pathways;Biosynthesis of secondary metabolites;Microbial metabolism in diverse environments;Biosynthesis of antibiotics;Biosynthesis of amino acids",|HOMO-SER|,|All-Amino-Acids|;|Alpha-Amino-Acids|;|Amino-Acids|;|Carboxylates|;|Non-standard-amino-acids|
PM2A,A6,PM2A-A6,Dextrin,|Dextrins|,C00721,eco00500;eco01100,Starch and sucrose metabolism;Metabolic pathways,|CPD0-2595|;|CPD-3781|;|CPD-3782|;|CPD-3783|,|Carbohydrates|;|Cyclodextrins|;|Glucans|;|Glycans|;|Polysaccharides|
PM2A,C1,PM2A-C1,Gentiobiose,|CPD-3605|,C08240,NA,NA,|CPD-3605|,|Carbohydrates|;|Disaccharides|;|Glycans|;|Oligosaccharides|
PM3B,D12,PM3B-D12,Agmatine,|AGMATHINE|,C00179,eco00330;eco01100,Arginine and proline metabolism;Metabolic pathways,|AGMATHINE|,|Aliphatic-Amines|;|All-Amines|
PM1,F6,PM1-F6,Bromo Succinic Acid,|CPD-13405|,NA,NA,NA,|CPD-13405|,|Bromide|;|Organohalogen-Compounds|
PM2A,D10,PM2A-D10,gamma-Amino Butyric Acid,|4-AMINO-BUTYRATE|,C00334,eco00250;eco00330;eco00410;eco00650;eco00760;eco01100;eco01120;eco02024,"Alanine, aspartate and glutamate metabolism;Arginine and proline metabolism;beta-Alanine metabolism;Butanoate metabolism;Nicotinate and nicotinamide metabolism;Metabolic pathways;Microbial metabolism in diverse environments;Quorum sensing",NA,NA
PM1,G2,PM1-G2,Tricarballylic Acid,|CPD-3571|,NA,NA,NA,|CPD-3571|,|Carboxylates|;|Tricarboxylates|
PM3B,D6,PM3B-D6,N-Amylamine,|CPD-3681|,NA,NA,NA,|CPD-3681|,|All-Amines|
PM1,F3,PM1-F3,m-Inositol,|MYO-INOSITOL|,C00137,eco00052;eco00053;eco00521;eco00562;eco01100;eco01120;eco01130;eco02010,Galactose metabolism;Ascorbate and aldarate metabolism;Streptomycin biosynthesis;Inositol phosphate metabolism;Metabolic pathways;Microbial metabolism in diverse environments;Biosynthesis of antibiotics;ABC transporters,|MYO-INOSITOL|,|Alcohols|;|Inositols|
PM1,H3,PM1-H3,m-Hydroxy Phenyl Acetic Acid,|3-HYDROXYPHENYLACETATE|,C05593,eco00350;eco00360;eco01120,Tyrosine metabolism;Phenylalanine metabolism;Microbial metabolism in diverse environments,|3-HYDROXYPHENYLACETATE|,|Carboxylates|;|Monocarboxylates|
PM1,G8,PM1-G8,N-Acetyl-beta-D-Mannosamine,|N-ACETYL-D-MANNOSAMINE|,C00645,eco00520;eco01100,Amino sugar and nucleotide sugar metabolism;Metabolic pathways,|N-ACETYL-D-MANNOSAMINE|,|Amino-Sugars|;|Carbohydrates|;|Glycans|;|Hexosamines|;|Monosaccharides|;|N-acetyl-D-hexosamines|;|Sugar|
PM1,E6,PM1-E6,alpha-Hydroxy Glutaric Acid-gamma-Lactone,|CPD-13414|,NA,NA,NA,|CPD-13414|,|Esters|;|Gamma-lactones|;|Lactones|
PM3B,H10,PM3B-H10,Gly-Glu,|CPD-3569|,NA,NA,NA,|CPD-3569|,|DIPEPTIDES|;|Peptides|
PM1,D11,PM1-D11,Sucrose,|SUCROSE|,C00089,eco00052;eco00500;eco01100;eco02010;eco02060,Galactose metabolism;Starch and sucrose metabolism;Metabolic pathways;ABC transporters;Phosphotransferase system (PTS),|SUCROSE|,|Carbohydrates|;|Disaccharides|;|Glycans|;|Oligosaccharides|
PM3B,F5,PM3B-F5,Cytosine_N,|CYTOSINE|,C00380,eco00240;eco01100,Pyrimidine metabolism;Metabolic pathways,|CYTOSINE|,|All-Nucleosides|;|Bases|;|Organic-heterocyclic-compound|;|Organonitrogen-Heterocyclic-Compounds|;|Pyrimidine-Bases|;|Pyrimidines|
PM2A,B3,PM2A-B3,beta-D-Allose,|ALLOSE|,C01487,eco00051;eco01120;eco02010,Fructose and mannose metabolism;Microbial metabolism in diverse environments;ABC transporters,|CPD-15629|,|Aldehydes-Or-Ketones|;|Aldehydes|;|Aldohexoses|;|Aldoses|;|Carbohydrates|;|D-Aldoses|;|D-Hexoses|;|Glycans|;|Hexoses|;|Monosaccharides|;|Sugar|
PM3B,H5,PM3B-H5,Ala-His,|CPD-13401|,NA,NA,NA,|CPD-13401|,|DIPEPTIDES|;|Peptides|
PM1,D6,PM1-D6,alpha-Keto-Glutaric Acid,|2-KETOGLUTARATE|,C00026,eco00020;eco00040;eco00053;eco00220;eco00250;eco00300;eco00340;eco00430;eco00471;eco00630;eco00650;eco00660;eco01100;eco01110;eco01120;eco01130;eco01200;eco01210;eco01230,"Citrate cycle (TCA cycle);Pentose and glucuronate interconversions;Ascorbate and aldarate metabolism;Arginine biosynthesis;Alanine, aspartate and glutamate metabolism;Lysine biosynthesis;Histidine metabolism;Taurine and hypotaurine metabolism;D-Glutamine and D-glutamate metabolism;Glyoxylate and dicarboxylate metabolism;Butanoate metabolism;C5-Branched dibasic acid metabolism;Metabolic pathways;Biosynthesis of secondary metabolites;Microbial metabolism in diverse environments;Biosynthesis of antibiotics;Carbon metabolism;2-Oxocarboxylic acid metabolism;Biosynthesis of amino acids",|2-KETOGLUTARATE|,|2-Oxo-Acids|;|2-Oxo-carboxylates|;|Carboxylates|
PM2A,G5,PM2A-G5,Glycine,|GLY|,C00037,eco00230;eco00260;eco00310;eco00460;eco00480;eco00630;eco00680;eco00730;eco00860;eco00970;eco01100;eco01110;eco01120;eco01130;eco01200;eco01230;eco01502;eco02010;eco02026,"Purine metabolism;Glycine, serine and threonine metabolism;Lysine degradation;Cyanoamino acid metabolism;Glutathione metabolism;Glyoxylate and dicarboxylate metabolism;Methane metabolism;Thiamine metabolism;Porphyrin and chlorophyll metabolism;Aminoacyl-tRNA biosynthesis;Metabolic pathways;Biosynthesis of secondary metabolites;Microbial metabolism in diverse environments;Biosynthesis of antibiotics;Carbon metabolism;Biosynthesis of amino acids;Vancomycin resistance;ABC transporters;Biofilm formation - Escherichia coli",|GLY|,|All-Amino-Acids|;|Alpha-Amino-Acids|;|Amino-Acids-20|;|Amino-Acids|;|Carboxylates|;|Neutral-Amino-Acids|;|Non-polar-amino-acids|;|Polar-amino-acids|;|Uncharged-polar-amino-acids|
PM2A,D3,PM2A-D3,Sedoheptulosan,|CPD-3614|,NA,NA,NA,NA,NA
PM2A,F10,PM2A-F10,Succinamic Acid,|CPD-8979|,NA,NA,NA,NA,NA
PM1,E9,PM1-E9,Adonitol,|RIBITOL|,C00474,eco00040;eco00740;eco01100,Pentose and glucuronate interconversions;Riboflavin metabolism;Metabolic pathways,|RIBITOL|,|Alcohols|;|Carbohydrates|;|Glycans|;|Pentitols|;|Sugar-alcohols|;|Sugar|
PM3B,G4,PM3B-G4,Alloxan,|CPD-3684|,C07599,NA,NA,|CPD-3684|,|All-Amines|
PM1,H2,PM1-H2,p-Hydroxy Phenyl Acetic Acid,|4-HYDROXYPHENYLACETATE|,C00642,eco00350;eco00360;eco01120;eco01220,Tyrosine metabolism;Phenylalanine metabolism;Microbial metabolism in diverse environments;Degradation of aromatic compounds,NA,NA
PM3B,F8,PM3B-F8,Thymine_N,|THYMINE|,C00178,eco00240;eco01100,Pyrimidine metabolism;Metabolic pathways,|THYMINE|,|All-Nucleosides|;|Bases|;|Organic-heterocyclic-compound|;|Organonitrogen-Heterocyclic-Compounds|;|Pyrimidine-Bases|;|Pyrimidines|
PM1,H5,PM1-H5,D-Psicose,|PSICOSE|,C06468,NA,NA,|PSICOSE|,|Carbohydrates|;|Glycans|;|Hexoses|;|Ketoses|;|Monosaccharides|;|Sugar|
PM3B,D7,PM3B-D7,N-Butylamine,|BUTYLAMINE|,NA,NA,NA,NA,NA
PM4A,D2,PM4A-D2,D-Mannose-6-Phosphate,|MANNOSE-6P|,C00275,eco00051;eco00520;eco01100;eco01110;eco02060,Fructose and mannose metabolism;Amino sugar and nucleotide sugar metabolism;Metabolic pathways;Biosynthesis of secondary metabolites;Phosphotransferase system (PTS),|MANNOSE-6P|,|Carbohydrate-Derivatives|;|Carbohydrates|;|Glycans|;|HEXOSE-6-PHOSPHATES|;|Hexose-phosphates|;|SUGAR-6-PHOSPHATES|;|Sugar-Phosphate|
PM1,B9,PM1-B9,L-Lactic Acid,|L-LACTATE|,C01432,NA,NA,|L-LACTATE|,|2-Hydroxy-carboxylates|;|Carboxylates|;|Hydroxy-carboxylates|;|L-2-hydroxyacids|;|Short-Chain-Carboxylates|
PM2A,E5,PM2A-E5,D-Glucosamine,|GLUCOSAMINE|,C00329,eco00520;eco01100;eco02060,Amino sugar and nucleotide sugar metabolism;Metabolic pathways;Phosphotransferase system (PTS),|CPD-12539|;|CPD-12538|,|Amino-Sugars|;|Carbohydrates|;|Glycans|;|Hexosamines|;|Monosaccharides|;|Sugar|
PM1,H7,PM1-H7,Glucuronamide,|CPD0-1656|,D01791,NA,NA,NA,NA
PM3B,E2,PM3B-E2,beta-Phenylethyl-amine,|PHENYLETHYLAMINE|,C05332,eco00360,Phenylalanine metabolism,|PHENYLETHYLAMINE|,|All-Amines|;|Aromatics|;|Aryl-Amines|
PM2A,B4,PM2A-B4,Amygdalin,|CPD-1125|,C08325,eco00460;eco01110,Cyanoamino acid metabolism;Biosynthesis of secondary metabolites,|CPD-1125|,|Nitriles|
PM3B,D2,PM3B-D2,N-Phthaloyl-L-Glutamic Acid,|CPD-3662|,NA,NA,NA,NA,NA
PM1,A5,PM1-A5,Succinic Acid,|SUC|,C00042,eco00020;eco00190;eco00250;eco00350;eco00360;eco00361;eco00620;eco00630;eco00640;eco00650;eco00760;eco00920;eco01100;eco01110;eco01120;eco01130;eco01200;eco01220;eco02020,"Citrate cycle (TCA cycle);Oxidative phosphorylation;Alanine, aspartate and glutamate metabolism;Tyrosine metabolism;Phenylalanine metabolism;Chlorocyclohexane and chlorobenzene degradation;Pyruvate metabolism;Glyoxylate and dicarboxylate metabolism;Propanoate metabolism;Butanoate metabolism;Nicotinate and nicotinamide metabolism;Sulfur metabolism;Metabolic pathways;Biosynthesis of secondary metabolites;Microbial metabolism in diverse environments;Biosynthesis of antibiotics;Carbon metabolism;Degradation of aromatic compounds;Two-component system",|SUC|,|C4-dicarboxylates|;|Carboxylates|;|dicarboxylate|
PM3B,D10,PM3B-D10,Ethylenediamine,|CPD-3682|,C12511,NA,NA,|CPD-3682|,|All-Amines|
PM1,D12,PM1-D12,Uridine,|URIDINE|,C00299,eco00240;eco01100,Pyrimidine metabolism;Metabolic pathways,|URIDINE|,|All-Nucleosides|;|Nucleosides|;|Organic-heterocyclic-compound|;|Organonitrogen-Heterocyclic-Compounds|;|Pyrimidine-Nucleosides|;|Pyrimidines|;|Ribonucleosides|
PM2A,G2,PM2A-G2,L-Alaninamide,|CPD-11636|,NA,NA,NA,NA,NA
PM1,E12,PM1-E12,Adenosine,|ADENOSINE|,C00212,eco00230;eco01100,Purine metabolism;Metabolic pathways,|ADENOSINE|,|All-Nucleosides|;|Nucleosides|;|Organic-heterobicyclic-compounds|;|Organic-heterocyclic-compound|;|Organonitrogen-Heterocyclic-Compounds|;|Purine-Nucleosides|;|Purine-Ribonucleosides|;|Purines|;|Ribonucleosides|
PM3B,F6,PM3B-F6,Guanine_N,|GUANINE|,C00242,eco00230;eco01100,Purine metabolism;Metabolic pathways,|GUANINE|,|All-Nucleosides|;|Bases|;|Organic-heterobicyclic-compounds|;|Organic-heterocyclic-compound|;|Organonitrogen-Heterocyclic-Compounds|;|Purine-Bases|;|Purines|
PM1,B10,PM1-B10,Formic Acid,|FORMATE|,C00058,eco00620;eco00625;eco00630;eco00680;eco00910;eco01100;eco01120;eco01200;eco01220,Pyruvate metabolism;Chloroalkane and chloroalkene degradation;Glyoxylate and dicarboxylate metabolism;Methane metabolism;Nitrogen metabolism;Metabolic pathways;Microbial metabolism in diverse environments;Carbon metabolism;Degradation of aromatic compounds,|FORMATE|,|Carboxylates|;|Short-Chain-Carboxylates|
PM3B,C9,PM3B-C9,D-Valine,|CPD-3642|,C06417,NA,NA,|CPD-3642|,|All-Amino-Acids|;|Amino-Acids|;|Carboxylates|;|D-Amino-Acids|;|Non-polar-amino-acids|
PM2A,F7,PM2A-F7,"D-Ribono-1,4-Lactone",|CPD-13413|,NA,NA,NA,|CPD-13413|,|Esters|;|Gamma-lactones|;|Lactones|
PM4A,E4,PM4A-E4,Phosphoryl-Choline,|PHOSPHORYL-CHOLINE|,C00588,eco00564;eco01100,Glycerophospholipid metabolism;Metabolic pathways,NA,NA
PM2A,G4,PM2A-G4,L-Arginine,|ARG|,C00062,eco00220;eco00261;eco00330;eco00970;eco01100;eco01110;eco01130;eco01230;eco02010,Arginine biosynthesis;Monobactam biosynthesis;Arginine and proline metabolism;Aminoacyl-tRNA biosynthesis;Metabolic pathways;Biosynthesis of secondary metabolites;Biosynthesis of antibiotics;Biosynthesis of amino acids;ABC transporters,|ARG|,|All-Amino-Acids|;|Alpha-Amino-Acids|;|Amino-Acids-20|;|Amino-Acids|;|Basic-Amino-Acids|;|Carboxylates|;|L-Amino-Acids|;|Polar-amino-acids|
PM2A,C3,PM2A-C3,Lactitol,|CPD0-2460|,NA,NA,NA,|CPD0-2460|,|Alcohols|;|Alditol-Derivatives|;|Carbohydrates|;|Glycans|;|Sugar-alcohols|;|Sugar|
PM3B,G6,PM3B-G6,Parabanic Acid,|CPD-3685|,NA,NA,NA,|CPD-3685|,|All-Amines|
PM3B,H8,PM3B-H8,Gly-Asn,|CPD-13395|,NA,NA,NA,|CPD-13395|,|DIPEPTIDES|;|Peptides|
PM4A,B3,PM4A-B3,"D,L-alpha-Glycerol Phosphate",|GLYCEROL-3P|,C00093,eco00561;eco00564;eco01100;eco01110;eco02010,Glycerolipid metabolism;Glycerophospholipid metabolism;Metabolic pathways;Biosynthesis of secondary metabolites;ABC transporters,NA,NA
PM2A,D6,PM2A-D6,D-Tagatose,|TAGATOSE|,C00795,eco00052,Galactose metabolism,|TAGATOSE|,|Carbohydrates|;|D-Hexoses|;|Glycans|;|Hexoses|;|Ketoses|;|Monosaccharides|;|Sugar|
PM1,G6,PM1-G6,L-Alanyl-Glycine,|ALA-GLY|,NA,NA,NA,|ALA-GLY|,|DIPEPTIDES|;|Peptides|
PM2A,E3,PM2A-E3,Citraconic Acid,|2-METHYLMALEATE|,C02226,eco00290;eco00660;eco01100;eco01210,"Valine, leucine and isoleucine biosynthesis;C5-Branched dibasic acid metabolism;Metabolic pathways;2-Oxocarboxylic acid metabolism",NA,NA
PM1,E8,PM1-E8,beta-Methyl-D-Glucoside,|CPD-3570|,NA,NA,NA,|CPD-3570|,|Beta-D-glucosides|;|Carbohydrate-Derivatives|;|Carbohydrates|;|CPD0-1666|;|Glucosides|;|Glycans|;|Glycosides|
PM2A,C5,PM2A-C5,Maltitol,|CPD-3609|,G00275,NA,NA,|CPD-3609|,|Alcohols|;|Alditol-Derivatives|;|Carbohydrates|;|Glycans|;|Sugar-alcohols|;|Sugar|
PM2A,C4,PM2A-C4,D-Melezitose,|CPD-13409|,C08243,NA,NA,|CPD-13409|,|Carbohydrates|;|Glycans|;|Oligosaccharides|;|Trisaccharides|
PM2A,A4,PM2A-A4,beta-Cyclodextrin,|CPD-3781|,NA,NA,NA,|CPD-3781|,|Carbohydrates|;|Cyclodextrins|;|Glucans|;|Glycans|;|Polysaccharides|
PM2A,D5,PM2A-D5,Stachyose,|CPD-170|,C01613,eco00052,Galactose metabolism,|CPD-170|,|Carbohydrates|;|Glycans|;|Oligosaccharides|;|Tetrasaccharides|
PM1,A12,PM1-A12,Dulcitol,|GALACTITOL|,C01697,eco00052;eco01100;eco02060,Galactose metabolism;Metabolic pathways;Phosphotransferase system (PTS),|GALACTITOL|,|Alcohols|;|Carbohydrates|;|Glycans|;|Hexitols|;|Sugar-alcohols|;|Sugar|
PM4A,C9,PM4A-C9,Cytidine-3'-monophosphate,|CPD-3711|,C05822,eco00240,Pyrimidine metabolism,|CPD-3711|,|3-Phosphomonucleotides|;|All-Nucleosides|;|Organic-heterocyclic-compound|;|Organonitrogen-Heterocyclic-Compounds|;|Pyrimidines|
PM1,H1,PM1-H1,Glycyl-L-Proline,|CPD-10814|,NA,NA,NA,|CPD-10814|,|DIPEPTIDES|;|Peptides|
PM2A,A5,PM2A-A5,gamma-Cyclodextrin,|CPD-3783|,NA,NA,NA,|CPD-3783|,|Carbohydrates|;|Cyclodextrins|;|Glucans|;|Glycans|;|Polysaccharides|
PM1,F11,PM1-F11,D-Cellobiose,|CELLOBIOSE|,C00185,eco00500;eco01100;eco02010;eco02060,Starch and sucrose metabolism;Metabolic pathways;ABC transporters;Phosphotransferase system (PTS),|CELLOBIOSE|,|Carbohydrates|;|Disaccharides|;|Glucans|;|Glycans|;|Oligosaccharides|;|Polysaccharides|
PM1,F4,PM1-F4,D-Threonine,|D-THREONINE|,C00820,NA,NA,|D-THREONINE|,|All-Amino-Acids|;|Amino-Acids|;|Carboxylates|;|D-Amino-Acids|
PM2A,B5,PM2A-B5,D-Arabinose,|D-ARABINOSE|,C00216,NA,NA,|CPD-12044|;|CPD-12043|;|CPD-12047|;|CPD-12049|;|CPD-15700|,|Aldehydes-Or-Ketones|;|Aldehydes|;|Aldopentoses|;|Aldoses|;|Arabinofuranoses|;|Arabinoses|;|Carbohydrates|;|D-ARABINOSE|;|D-Pentoses|;|Glycans|;|Monosaccharides|;|Pentoses|;|Sugar|;|Aldopyranoses|;|Arabinopyranoses|;|D-aldopyranoses|
PM2A,C9,PM2A-C9,beta-Methyl-D-Glucuronic Acid,|CPD-3611|,C08350,NA,NA,|CPD-3611|,|Carbohydrates|
PM3B,F1,PM3B-F1,N-Acetyl-D-Mannosamine,|N-ACETYL-D-MANNOSAMINE|,C00645,eco00520;eco01100,Amino sugar and nucleotide sugar metabolism;Metabolic pathways,|N-ACETYL-D-MANNOSAMINE|,|Amino-Sugars|;|Carbohydrates|;|Glycans|;|Hexosamines|;|Monosaccharides|;|N-acetyl-D-hexosamines|;|Sugar|
PM2A,C8,PM2A-C8,3-Methyl Glucose,|CPD0-1937|,NA,NA,NA,NA,NA
PM2A,D7,PM2A-D7,Turanose,|CPD-13399|,G03588,NA,NA,|CPD-13399|,|Carbohydrates|;|Disaccharides|;|Glycans|;|Oligosaccharides|
PM2A,D9,PM2A-D9,N-Acetyl-D-Glucosaminitol,|CPD-3615|,NA,NA,NA,|CPD-3615|,|Carbohydrate-Derivatives|;|Carbohydrates|;|Glycans|
PM3B,H9,PM3B-H9,Gly-Gln,|CPD-13394|,NA,NA,NA,|CPD-13394|,|DIPEPTIDES|;|Peptides|
PM1,C10,PM1-C10,Maltose,|MALTOSE|,C00208,eco00500;eco01100;eco02010;eco02030;eco02060,Starch and sucrose metabolism;Metabolic pathways;ABC transporters;Bacterial chemotaxis;Phosphotransferase system (PTS),NA,NA
PM1,E1,PM1-E1,L-Glutamine,|GLN|,C00064,eco00220;eco00230;eco00240;eco00250;eco00471;eco00630;eco00910;eco00970;eco01100;eco01120;eco01230;eco02010;eco02020,"Arginine biosynthesis;Purine metabolism;Pyrimidine metabolism;Alanine, aspartate and glutamate metabolism;D-Glutamine and D-glutamate metabolism;Glyoxylate and dicarboxylate metabolism;Nitrogen metabolism;Aminoacyl-tRNA biosynthesis;Metabolic pathways;Microbial metabolism in diverse environments;Biosynthesis of amino acids;ABC transporters;Two-component system",|GLN|,|All-Amino-Acids|;|Alpha-Amino-Acids|;|Amino-Acids-20|;|Amino-Acids|;|Carboxylates|;|L-Amino-Acids|;|Neutral-Amino-Acids|;|Polar-amino-acids|;|Uncharged-polar-amino-acids|
PM2A,E12,PM2A-E12,5-Keto-D-Gluconic Acid,|5-DEHYDROGLUCOTE|,C01062,NA,NA,NA,NA
PM1,F8,PM1-F8,Mucic Acid,|D-GALACTARATE|,C01807,NA,NA,|D-GALACTARATE|,|Alpha-omega-dicarboxylates|;|Carboxylates|;|dicarboxylate|
PM1,C6,PM1-C6,L-Rhamnose,|L-rhamnose|,C00507,eco00051;eco01120,Fructose and mannose metabolism;Microbial metabolism in diverse environments,|RHAMNOSE|;|CPD0-1112|,|6-Deoxyhexoses|;|Aldehydes-Or-Ketones|;|Aldehydes|;|Aldopyranoses|;|Aldoses|;|Carbohydrates|;|Glycans|;|Hexoses|;|L-aldopyranoses|;|L-Hexoses|;|Modified-Sugars|;|Monosaccharides|;|Sugar|
PM3B,H4,PM3B-H4,Ala-Gly,|ALA-GLY|,NA,NA,NA,|ALA-GLY|,|DIPEPTIDES|;|Peptides|
PM1,E10,PM1-E10,Maltotriose,|MALTOTRIOSE|,C01835,eco02010,ABC transporters,|MALTOTRIOSE|,|Carbohydrates|;|Glucans|;|Glycans|;|Malto-Oligosaccharides|;|Oligosaccharides|;|Polysaccharides|;|Trisaccharides|
PM1,B5,PM1-B5,D-Glucuronic Acid,|GLUCUROTE|,C00191,eco00040;eco00053;eco00520;eco00562;eco01100,Pentose and glucuronate interconversions;Ascorbate and aldarate metabolism;Amino sugar and nucleotide sugar metabolism;Inositol phosphate metabolism;Metabolic pathways,|CPD-14488|;|CPD-15530|;|CPD-12521|,|Carboxylates|;|GLUCURONATE|;|Monocarboxylates|;|Uronates|
PM1,B7,PM1-B7,"D,L-alpha-Glycerol-Phosphate",|GLYCEROL-3P|,C00093,eco00561;eco00564;eco01100;eco01110;eco02010,Glycerolipid metabolism;Glycerophospholipid metabolism;Metabolic pathways;Biosynthesis of secondary metabolites;ABC transporters,NA,NA
PM1,C12,PM1-C12,Thymidine,|THYMIDINE|,C00214,eco00240;eco01100,Pyrimidine metabolism;Metabolic pathways,|THYMIDINE|,|All-Nucleosides|;|Deoxy-Ribonucleosides|;|Nucleosides|;|Organic-heterocyclic-compound|;|Organonitrogen-Heterocyclic-Compounds|;|Pyrimidine-Deoxyribonucleosides|;|Pyrimidine-Nucleosides|;|Pyrimidines|
PM2A,B1,PM2A-B1,N-Acetyl-DGalactosamine,|N-acetyl-D-galactosamine|,C01074,NA,NA,|CPD-3604|,|Amino-Sugars|;|Carbohydrates|;|Glycans|;|Hexosamines|;|Monosaccharides|;|N-acetyl-D-hexosamines|;|Sugar|
PM1,C4,PM1-C4,D-Ribose,|RIBOSE|,C00121,eco00030;eco02010;eco02030,Pentose phosphate pathway;ABC transporters;Bacterial chemotaxis,|CPD0-1108|;|CPD-10330|;|CPD-15829|;|CPD0-1110|;|CPD-15818|,|Aldehydes-Or-Ketones|;|Aldehydes|;|Aldopentoses|;|Aldoses|;|Carbohydrates|;|Glycans|;|Monosaccharides|;|Pentoses|;|RIBOSE|;|Sugar|;|Aldopyranoses|;|D-aldopyranoses|
PM2A,B12,PM2A-B12,3-0-beta-D-Galactopyranosyl-D-Arabinose,|CPD-3785|,NA,NA,NA,|CPD-3785|,|Carbohydrates|;|Disaccharides|;|Glycans|;|Oligosaccharides|
PM1,F12,PM1-F12,Inosine,|INOSINE|,C00294,eco00230;eco01100,Purine metabolism;Metabolic pathways,|INOSINE|,|All-Nucleosides|;|Nucleosides|;|Organic-heterobicyclic-compounds|;|Organic-heterocyclic-compound|;|Organonitrogen-Heterocyclic-Compounds|;|Purine-Nucleosides|;|Purine-Ribonucleosides|;|Purines|;|Ribonucleosides|
PM1,G10,PM1-G10,Methyl Pyruvate,|CPD-3573|,NA,NA,NA,|CPD-3573|,|Esters|
PM1,C7,PM1-C7,D-Fructose,|BETA-D-FRUCTOSE|,C00095,eco00051;eco00052;eco00500;eco01100;eco01120;eco02010;eco02060,Fructose and mannose metabolism;Galactose metabolism;Starch and sucrose metabolism;Metabolic pathways;Microbial metabolism in diverse environments;ABC transporters;Phosphotransferase system (PTS),|BETA-D-FRUCTOSE|,|Carbohydrates|;|D-Hexoses|;|Fructose|;|Glycans|;|Hexoses|;|Modified-Sugars|;|Monosaccharides|;|Sugar|
PM1,B3,PM1-B3,Glycerol,|GLYCEROL|,C00116,eco00040;eco00052;eco00561;eco01100;eco02010,Pentose and glucuronate interconversions;Galactose metabolism;Glycerolipid metabolism;Metabolic pathways;ABC transporters,|GLYCEROL|,|Alcohols|;|Carbohydrates|;|Glycans|;|Sugar-alcohols|;|Sugar|
PM1,C11,PM1-C11,D-Melibiose,|MELIBIOSE|,C05402,eco00052;eco02010,Galactose metabolism;ABC transporters,|MELIBIOSE|,|Carbohydrates|;|Disaccharides|;|Glycans|;|Oligosaccharides|
PM2A,B2,PM2A-B2,N-Acetyl-Neuraminic Acid,|CPD0-1123|,C00270,eco00520;eco01100,Amino sugar and nucleotide sugar metabolism;Metabolic pathways,|CPD0-1123|,|Amino-Sugars|;|Carbohydrates|;|CPD-1119|;|Glycans|;|Monosaccharides|;|Sugar|
PM1,C1,PM1-C1,D-Glucose-6-Phosphate,|Glucose-6-phosphate|,C00092,eco00500;eco00521;eco00562;eco01100;eco01130;eco02020;eco02060,Starch and sucrose metabolism;Streptomycin biosynthesis;Inositol phosphate metabolism;Metabolic pathways;Biosynthesis of antibiotics;Two-component system;Phosphotransferase system (PTS),|ALPHA-GLC-6-P|;|GLC-6-P|,|Carbohydrate-Derivatives|;|Carbohydrates|;|Glycans|;|HEXOSE-6-PHOSPHATES|;|Hexose-phosphates|;|SUGAR-6-PHOSPHATES|;|Sugar-Phosphate|
PM1,D8,PM1-D8,alpha-Methyl-D-Galactoside,|CPD-3565|,C03619,eco02010,ABC transporters,|CPD-3565|,|Carbohydrate-Derivatives|;|Carbohydrates|;|Galactosides|;|Glycans|;|Glycosides|
PM1,A8,PM1-A8,L-Proline,|PRO|,C00148,eco00330;eco00332;eco00401;eco00970;eco01100;eco01110;eco01130;eco01230;eco02010,Arginine and proline metabolism;Carbapenem biosynthesis;Novobiocin biosynthesis;Aminoacyl-tRNA biosynthesis;Metabolic pathways;Biosynthesis of secondary metabolites;Biosynthesis of antibiotics;Biosynthesis of amino acids;ABC transporters,|PRO|,|All-Amino-Acids|;|Alpha-Amino-Acids|;|Amino-Acids-20|;|Amino-Acids|;|Carboxylates|;|L-Amino-Acids|;|Neutral-Amino-Acids|;|Non-polar-amino-acids|
PM1,A3,PM1-A3,N-Acetyl-D-Glucosamine,|N-acetyl-D-glucosamine|,C00140,eco00520;eco01100;eco02010;eco02060,Amino sugar and nucleotide sugar metabolism;Metabolic pathways;ABC transporters;Phosphotransferase system (PTS),NA,NA
PM1,C9,PM1-C9,alpha-D-Glucose,|ALPHA-GLUCOSE|,C00031,eco00010;eco00030;eco00052;eco00500;eco00520;eco00521;eco01100;eco01110;eco01130;eco02010;eco02020;eco02060,Glycolysis / Gluconeogenesis;Pentose phosphate pathway;Galactose metabolism;Starch and sucrose metabolism;Amino sugar and nucleotide sugar metabolism;Streptomycin biosynthesis;Metabolic pathways;Biosynthesis of secondary metabolites;Biosynthesis of antibiotics;ABC transporters;Two-component system;Phosphotransferase system (PTS),|ALPHA-GLUCOSE|,|Aldehydes-Or-Ketones|;|Aldehydes|;|Aldohexoses|;|Aldopyranoses|;|Aldoses|;|Carbohydrates|;|D-aldopyranoses|;|D-Aldoses|;|D-Glucose|;|D-Hexoses|;|Glucose|;|Glycans|;|Hexoses|;|Monosaccharides|;|Sugar|
PM2A,A10,PM2A-A10,Laminarin,|CPD-3602|,C00771,NA,NA,NA,NA
PM1,A6,PM1-A6,D-Galactose,|D-Galactose|,C00124,eco00052;eco01100;eco02030;eco02060,Galactose metabolism;Metabolic pathways;Bacterial chemotaxis;Phosphotransferase system (PTS),|CPD0-2485|;|CPD0-2486|;|ALPHA-D-GALACTOSE|;|GALACTOSE|;|CPD-15590|,|Aldehydes-Or-Ketones|;|Aldehydes|;|Aldohexoses|;|Aldoses|;|Carbohydrates|;|D-Aldoses|;|D-Galactose|;|D-Hexoses|;|Glycans|;|Hexoses|;|Monosaccharides|;|Sugar|;|Aldopyranoses|;|D-aldopyranoses|
PM1,A10,PM1-A10,D-Trehalose,|TREHALOSE|,C01083,eco00500;eco01100;eco01110;eco02010;eco02060,Starch and sucrose metabolism;Metabolic pathways;Biosynthesis of secondary metabolites;ABC transporters;Phosphotransferase system (PTS),|TREHALOSE|,|Carbohydrates|;|Disaccharides|;|Glycans|;|Oligosaccharides|
PM1,B8,PM1-B8,D-Xylose,|D-Xylose|,C00181,eco00040;eco00520;eco01100;eco02010,Pentose and glucuronate interconversions;Amino sugar and nucleotide sugar metabolism;Metabolic pathways;ABC transporters,|XYLOSE|;|BETA-D-XYLOSE|;|CPD-15377|,|Aldehydes-Or-Ketones|;|Aldehydes|;|Aldopentoses|;|Aldopyranoses|;|Aldoses|;|Carbohydrates|;|D-aldopyranoses|;|D-L-Xylose|;|D-Pentoses|;|Glycans|;|Monosaccharides|;|Pentoses|;|Sugar|
PM1,E3,PM1-E3,D-Glucose-1-Phosphate,|GLC-1-P|,C00103,eco00010;eco00040;eco00052;eco00500;eco00520;eco00521;eco00523;eco00525;eco01100;eco01110;eco01120;eco01130,Glycolysis / Gluconeogenesis;Pentose and glucuronate interconversions;Galactose metabolism;Starch and sucrose metabolism;Amino sugar and nucleotide sugar metabolism;Streptomycin biosynthesis;Polyketide sugar unit biosynthesis;Acarbose and validamycin biosynthesis;Metabolic pathways;Biosynthesis of secondary metabolites;Microbial metabolism in diverse environments;Biosynthesis of antibiotics,|GLC-1-P|,|Aldose-Phosphates|;|Alpha-Hexose-1-Phosphates|;|Carbohydrate-Derivatives|;|Carbohydrates|;|Glycans|;|Hexose-1-Phosphate|;|Hexose-phosphates|;|Sugar-1-Phosphate|;|Sugar-Phosphate|
PM1,A11,PM1-A11,D-Mannose,|CPD-13559|,C00159,eco00051;eco00052;eco00520;eco01100;eco02010;eco02060,Fructose and mannose metabolism;Galactose metabolism;Amino sugar and nucleotide sugar metabolism;Metabolic pathways;ABC transporters;Phosphotransferase system (PTS),|CPD-13559|,|Aldehydes-Or-Ketones|;|Aldehydes|;|Aldohexoses|;|Aldopyranoses|;|Aldoses|;|Carbohydrates|;|D-aldopyranoses|;|D-Aldoses|;|D-Hexoses|;|Glycans|;|Hexoses|;|Mannoses|;|Monosaccharides|;|Sugar|
PM1,B11,PM1-B11,D-Mannitol,|MANNITOL|,C00392,eco00051;eco02010;eco02060,Fructose and mannose metabolism;ABC transporters;Phosphotransferase system (PTS),|MANNITOL|,|Alcohols|;|Carbohydrates|;|Glycans|;|Hexitols|;|Sugar-alcohols|;|Sugar|
PM1,D9,PM1-D9,alpha-D-Lactose,|Alpha-lactose|,C00243,eco00052;eco01100;eco02010;eco02060,Galactose metabolism;Metabolic pathways;ABC transporters;Phosphotransferase system (PTS),|Alpha-lactose|,|Carbohydrates|;|Disaccharides|;|Glycans|;|Oligosaccharides|
PM1,H8,PM1-H8,Pyruvic Acid,|PYRUVATE|,C00022,eco00010;eco00020;eco00030;eco00040;eco00053;eco00250;eco00260;eco00261;eco00270;eco00290;eco00330;eco00350;eco00360;eco00362;eco00430;eco00440;eco00473;eco00620;eco00621;eco00622;eco00630;eco00650;eco00660;eco00680;eco00730;eco00760;eco00770;eco00900;eco01100;eco01110;eco01120;eco01130;eco01200;eco01210;eco01220;eco01230;eco01502;eco02060,"Glycolysis / Gluconeogenesis;Citrate cycle (TCA cycle);Pentose phosphate pathway;Pentose and glucuronate interconversions;Ascorbate and aldarate metabolism;Alanine, aspartate and glutamate metabolism;Glycine, serine and threonine metabolism;Monobactam biosynthesis;Cysteine and methionine metabolism;Valine, leucine and isoleucine biosynthesis;Arginine and proline metabolism;Tyrosine metabolism;Phenylalanine metabolism;Benzoate degradation;Taurine and hypotaurine metabolism;Phosphonate and phosphinate metabolism;D-Alanine metabolism;Pyruvate metabolism;Dioxin degradation;Xylene degradation;Glyoxylate and dicarboxylate metabolism;Butanoate metabolism;C5-Branched dibasic acid metabolism;Methane metabolism;Thiamine metabolism;Nicotinate and nicotinamide metabolism;Pantothenate and CoA biosynthesis;Terpenoid backbone biosynthesis;Metabolic pathways;Biosynthesis of secondary metabolites;Microbial metabolism in diverse environments;Biosynthesis of antibiotics;Carbon metabolism;2-Oxocarboxylic acid metabolism;Degradation of aromatic compounds;Biosynthesis of amino acids;Vancomycin resistance;Phosphotransferase system (PTS)",|PYRUVATE|,|2-Oxo-Acids|;|2-Oxo-carboxylates|;|Carboxylates|;|Short-Chain-Carboxylates|
PM1,A2,PM1-A2,L-Arabinose,|L-ARABINOSE|,C00259,eco00040;eco00053;eco00520;eco01100;eco02010,Pentose and glucuronate interconversions;Ascorbate and aldarate metabolism;Amino sugar and nucleotide sugar metabolism;Metabolic pathways;ABC transporters,|CPD-15699|;|CPD-12045|;|ARABINOSE|,|Aldehydes-Or-Ketones|;|Aldehydes|;|Aldopentoses|;|Aldoses|;|Arabinoses|;|Carbohydrates|;|Glycans|;|L-ARABINOSE|;|Monosaccharides|;|Pentoses|;|Sugar|;|Arabinofuranoses|;|Aldopyranoses|;|Arabinopyranoses|;|L-aldopyranoses|
PM1,H10,PM1-H10,D-Galacturonic Acid,|D-GALACTUROTE|,C00333,eco00040;eco00053;eco00520;eco01100;eco02010,Pentose and glucuronate interconversions;Ascorbate and aldarate metabolism;Amino sugar and nucleotide sugar metabolism;Metabolic pathways;ABC transporters,|CPD-12523|;|CPD-15633|,|Carbohydrates|;|Carboxylates|;|Glycans|;|Monocarboxylates|;|Uronates|
PM1,C2,PM1-C2,D-Galactonic Acid-gamma-Lactone,|D-GALACTONO-1-4-LACTONE|,C03383,eco00052;eco01100,Galactose metabolism;Metabolic pathways,|D-GALACTONO-1-4-LACTONE|,|Esters|;|Gamma-lactones|;|Lactones|
PM1,B2,PM1-B2,D-Sorbitol,|SORBITOL|,C00794,eco00051;eco00052;eco01100;eco02010;eco02060,Fructose and mannose metabolism;Galactose metabolism;Metabolic pathways;ABC transporters;Phosphotransferase system (PTS),|SORBITOL|,|Alcohols|;|Carbohydrates|;|Glycans|;|Hexitols|;|Sugar-alcohols|;|Sugar|
PM1,H9,PM1-H9,L-Galactonic Acid-gamma-Lactone,|CPD-330|,C01115,eco00053;eco01100;eco01110,Ascorbate and aldarate metabolism;Metabolic pathways;Biosynthesis of secondary metabolites,|CPD-330|,|Esters|;|Gamma-lactones|;|Lactones|
PM1,B12,PM1-B12,L-Glutamic Acid,|GLT|,C00025,eco00220;eco00250;eco00330;eco00332;eco00340;eco00430;eco00471;eco00480;eco00630;eco00650;eco00660;eco00860;eco00910;eco00970;eco01100;eco01110;eco01120;eco01130;eco01200;eco01210;eco01230;eco02010;eco02020,"Arginine biosynthesis;Alanine, aspartate and glutamate metabolism;Arginine and proline metabolism;Carbapenem biosynthesis;Histidine metabolism;Taurine and hypotaurine metabolism;D-Glutamine and D-glutamate metabolism;Glutathione metabolism;Glyoxylate and dicarboxylate metabolism;Butanoate metabolism;C5-Branched dibasic acid metabolism;Porphyrin and chlorophyll metabolism;Nitrogen metabolism;Aminoacyl-tRNA biosynthesis;Metabolic pathways;Biosynthesis of secondary metabolites;Microbial metabolism in diverse environments;Biosynthesis of antibiotics;Carbon metabolism;2-Oxocarboxylic acid metabolism;Biosynthesis of amino acids;ABC transporters;Two-component system",|GLT|,|All-Amino-Acids|;|Alpha-Amino-Acids|;|Amino-Acids-20|;|Amino-Acids|;|Carboxylates|;|L-Amino-Acids|;|Polar-amino-acids|
PM1,B1,PM1-B1,D-Serine,|D-SERINE|,C00740,eco00260;eco01100;eco01502,"Glycine, serine and threonine metabolism;Metabolic pathways;Vancomycin resistance",|D-SERINE|,|All-Amino-Acids|;|Amino-Acids|;|Carboxylates|;|D-Amino-Acids|
PM1,B6,PM1-B6,D-Gluconic Acid,|GLUCOTE|,C00257,eco00030;eco01100;eco01110;eco01120;eco01130;eco01200,Pentose phosphate pathway;Metabolic pathways;Biosynthesis of secondary metabolites;Microbial metabolism in diverse environments;Biosynthesis of antibiotics;Carbon metabolism,|GLUCONATE|,|Aldonic-Acids|;|Carbohydrate-acids|;|Carbohydrates|;|Carboxylates|;|Monocarboxylates|
extra,extra,extra,Hexanoate,|HEXANOATE|,extra,extra,extra,|HEXANOATE|,|Carboxylates|;|Fatty-Acids|;|Medium-Chain-Carboxylates|;|Saturated-Fatty-Acids|
extra,extra,extra,|CPD-3617|,|CPD-3617|,extra,extra,extra,|CPD-3617|,|Fatty-Acids|;|Medium-Chain-Carboxylates|;|Saturated-Fatty-Acids|;|Carboxylates|
extra,extra,extra,|CPD-110|,|CPD-110|,extra,extra,extra,|CPD-110|,|Aromatic-Acid|;|Aromatics|;|Carboxylates|
extra,extra,extra,4-hydroxybenzoate,|4-hydroxybenzoate|,extra,extra,extra,|4-hydroxybenzoate|,|Aromatics|